date,sensey,Мастер ИП,Andara,Ким,Ли Сиун,Orochimaru,Плагиатор,Yandex,Тень,Uchiha Madara,Zer0,ШикамарУ,danilekk,YuRaN IV,РИДИК,Повар Михалыч,Boop,DeYsTrave,Kaneki Ken,sin108,Мини Итачи,Социопат_мл,Juice,Гаара,Неизвестный,Rosich,Uchiha Sasuke,Ророноа Зоро,Фудо,Kain,Конс,Учиха Хидате,Нагато Пейн,Hello Kitty,Энферсхелл,Нет,Инферно,Hidden Pool,Псих,Учиха Ишикава,Фан Юань,HoloWise,Последователь,Хедин,Лукашенко,Shisui,Feb,Kid,Itachi Uchiha,Dante,Azazel,Sailor Moon,Nidza,XopBaT,Пейн,partyzan,Нумизм@тик,I legenda,Феникс,Хичиго Широсаки,Шиноби,~KiLLeR~,OBERON,Tiaps,Юморист,suluhiashi,DiGan,Уайт,Химик,AparatuS,Обито Учиха,YuRaN VI,Mayckillo,Учиха Саске,Минато Намикадзе,Valdemarino,Senju Hashirama,Sasuke Uchiha,Красный Клык,Ryo,Ямамото,Майто Гай,Aesdeath,Кьюби но Йоко,Maito,Naruto,-Tobi-,Taidana Ame,Indra,DeYaaaa
20200211,1018,769,666,642,604,540,490,479,476,467,395,330,308,255,229,216,214,208,201,197,171,159,138,136,135,129,121,121,113,106,104,104,93,83,80,79,65,58,55,50,48,45,43,39,39,38,31,30,29,29,29,29,28,28,22,21,18,17,11,7,5,4,3,2,2,2,2,2,2,2,2,1,1,1,1,1,1,1,1,1,1,1,1,1,1,1,1,1,1,1
date,sensey,Мастер ИП,Ким,Ли Сиун,Andara,Orochimaru,Yandex,Плагиатор,Uchiha Madara,Тень,Zer0,ШикамарУ,danilekk,YuRaN IV,Повар Михалыч,DeYsTrave,Kaneki Ken,Boop,РИДИК,sin108,Мини Итачи,Rosich,Juice,Социопат_мл,Конс,Vidok,Гаара,Ророноа Зоро,Фудо,Неизвестный,Учиха Хидате,Kain,Нет,Uchiha Sasuke,Инферно,Нагато Пейн,Псих,Hello Kitty,Энферсхелл,Фан Юань,Hidden Pool,Пейн,Учиха Ишикава,HoloWise,Последователь,Лукашенко,Хедин,Shisui,Azazel,Feb,Kid,Dante,Itachi Uchiha,Sailor Moon,Nidza,XopBaT,partyzan,Нумизм@тик,I legenda,xameleon,Феникс,Хичиго Широсаки,Шиноби,~KiLLeR~,OBERON,suluhiashi,Юморист,Tiaps,AparatuS,Уайт,Обито Учиха,Химик,DiGan,-Tobi-,Aesdeath,Valdemarino,Taidana Ame,Maito,Indra,Красный Клык,Nika,DeYaaaa,Учиха Саске,Кьюби но Йоко,Naruto,Mayckillo,Kisame,Ryo,YuRaN VI,Senju Hashirama,Ямамото,Sasuke Uchiha,Leonardo2,Минато Намикадзе,Майто Гай
20200212,1041,998,889,878,771,706,594,574,562,551,417,377,321,313,285,280,259,245,238,221,174,173,161,159,157,156,150,144,144,135,131,125,122,121,115,114,110,83,80,70,58,58,50,45,43,40,39,38,34,31,30,29,29,29,28,28,21,18,17,13,11,7,5,4,3,2,2,2,2,2,2,2,2,1,1,1,1,1,1,1,1,1,1,1,1,1,1,1,1,1,1,1,1,1,1
date,sensey,Мастер ИП,Ким,Ли Сиун,Andara,Orochimaru,Uchiha Madara,Плагиатор,Yandex,Тень,Zer0,YuRaN IV,ШикамарУ,Kaneki Ken,Vidok,danilekk,DeYsTrave,Повар Михалыч,sin108,Boop,РИДИК,Конс,Uchiha Sasuke,Rosich,Инферно,Социопат_мл,Мини Итачи,Фудо,Учиха Хидате,Juice,Ророноа Зоро,Нет,Гаара,Неизвестный,Псих,Nika,Kain,Нагато Пейн,Фан Юань,Энферсхелл,Hello Kitty,Лукашенко,Hidden Pool,Пейн,Учиха Ишикава,HoloWise,Последователь,Azazel,Хедин,Shisui,Sailor Moon,Feb,Kid,Itachi Uchiha,Dante,xameleon,Nidza,XopBaT,byHanzo,partyzan,Нумизм@тик,I legenda,Tendo,Феникс,Хичиго Широсаки,Химик,Шиноби,~KiLLeR~,OBERON,Tiaps,Обито Учиха,DiGan,suluhiashi,Уайт,AparatuS,Юморист,Aesdeath,Valdemarino,Kisame,Taidana Ame,Кьюби но Йоко,Indra,Ryo,Красный Клык,Ямамото,Джирайя,Naruto,-Tobi-,Mayckillo,Leonardo2,Учиха Саске,Минато Намикадзе,YuRaN VI,Senju Hashirama,Maito,Sasuke Uchiha,DeYaaaa,Майто Гай
20200213,1114,1048,1029,979,883,862,751,712,678,617,486,411,406,378,374,363,337,330,309,275,269,240,217,214,193,192,176,173,166,163,162,159,150,135,134,128,125,121,98,86,83,70,58,58,50,45,43,43,39,38,36,31,30,29,29,29,28,28,26,21,18,17,15,11,7,7,5,4,3,2,2,2,2,2,2,2,1,1,1,1,1,1,1,1,1,1,1,1,1,1,1,1,1,1,1,1,1,1
date,Ким,sensey,Мастер ИП,Ли Сиун,Andara,Orochimaru,Uchiha Madara,Плагиатор,Yandex,Vidok,Тень,РИДИК,Kaneki Ken,Zer0,YuRaN IV,ШикамарУ,danilekk,Повар Михалыч,DeYsTrave,sin108,Uchiha Sasuke,Конс,Boop,Rosich,Инферно,Псих,Nika,Нет,Социопат_мл,Мини Итачи,Фудо,Juice,Учиха Хидате,Фан Юань,Ророноа Зоро,Гаара,Неизвестный,Нагато Пейн,Kain,Энферсхелл,Hello Kitty,Лукашенко,Sailor Moon,Пейн,Hidden Pool,Учиха Ишикава,Kawaki,HoloWise,Azazel,Последователь,Хедин,Shisui,Tendo,Feb,Kid,Dante,Itachi Uchiha,xameleon,XopBaT,Nidza,byHanzo,Шинобик,partyzan,Нумизм@тик,I legenda,Феникс,Хичиго Широсаки,Химик,Шиноби,~KiLLeR~,OBERON,Tiaps,AparatuS,Обито Учиха,Уайт,DiGan,Юморист,suluhiashi,-Tobi-,DeYaaaa,Майто Гай,Красный Клык,Valdemarino,Naruto,Taidana Ame,Indra,Sasuke Uchiha,Ryo,TipS,Leonardo2,Джирайя,Кьюби но Йоко,Aesdeath,Maito,Ямамото,Минато Намикадзе,Mayckillo,Учиха Саске,YuRaN VI,Senju Hashirama
20200214,1278,1166,1130,1077,1027,984,847,768,756,683,665,606,579,521,483,435,412,371,347,344,335,309,298,227,220,212,210,198,198,181,173,168,166,165,162,150,135,126,125,90,83,80,80,64,58,50,47,45,43,43,39,38,32,31,30,29,29,29,28,28,27,24,21,18,17,11,7,7,5,4,3,2,2,2,2,2,2,2,1,1,1,1,1,1,1,1,1,1,1,1,1,1,1,1,1,1,1,1,1,1
date,Ким,Ли Сиун,sensey,Мастер ИП,Andara,Yandex,Orochimaru,Uchiha Madara,РИДИК,Vidok,Плагиатор,Тень,Kaneki Ken,Zer0,YuRaN IV,ШикамарУ,danilekk,Повар Михалыч,sin108,Uchiha Sasuke,Конс,DeYsTrave,Boop,Псих,Инферно,Nika,Мини Итачи,Rosich,Нет,Фан Юань,Социопат_мл,Учиха Хидате,Фудо,Juice,Ророноа Зоро,Гаара,Неизвестный,Нагато Пейн,Kain,Энферсхелл,Sailor Moon,Hello Kitty,Лукашенко,Kawaki,Пейн,Hidden Pool,xameleon,Учиха Ишикава,HoloWise,Azazel,Последователь,Хедин,Shisui,Tendo,Шинобик,Feb,Kid,Itachi Uchiha,Dante,Nidza,XopBaT,byHanzo,partyzan,Нумизм@тик,I legenda,Феникс,Гамахиро,Химик,Хичиго Широсаки,Шиноби,~KiLLeR~,OBERON,Обито Учиха,Tiaps,suluhiashi,DiGan,Уайт,AparatuS,Юморист,Indra,Mayckillo,-Tobi-,Naruto,Taidana Ame,Минато Намикадзе,Valdemarino,Красный Клык,Aesdeath,Кьюби но Йоко,Maito,YuRaN VI,Ryo,Kisame,Майто Гай,TipS,Sasuke Uchiha,Senju Hashirama,Leonardo2,Учиха Саске,Джирайя
20200215,1364,1258,1222,1184,1177,1029,1010,972,870,836,829,749,682,619,542,494,475,408,396,355,351,346,329,272,270,263,261,254,234,211,198,175,173,173,166,150,135,126,125,115,103,83,80,70,64,58,57,50,45,44,43,39,38,33,32,31,30,29,29,28,28,27,21,18,17,11,7,7,7,5,4,3,2,2,2,2,2,2,2,1,1,1,1,1,1,1,1,1,1,1,1,1,1,1,1,1,1,1,1,1
date,Ким,Ли Сиун,Andara,sensey,Мастер ИП,Yandex,Uchiha Madara,Orochimaru,Vidok,РИДИК,Плагиатор,Тень,Kaneki Ken,Zer0,YuRaN IV,danilekk,ШикамарУ,sin108,Повар Михалыч,DeYsTrave,Конс,Nika,Boop,Uchiha Sasuke,Rosich,Псих,Мини Итачи,Инферно,Нет,Фан Юань,Фудо,Социопат_мл,Juice,Учиха Хидате,Ророноа Зоро,Гаара,Sailor Moon,Неизвестный,Kain,Нагато Пейн,Энферсхелл,Kawaki,Hello Kitty,Лукашенко,Azazel,Пейн,Hidden Pool,xameleon,Учиха Ишикава,HoloWise,Последователь,Хедин,Shisui,Tendo,Шинобик,Feb,Kid,Itachi Uchiha,Dante,Nidza,Челюсти,XopBaT,byHanzo,partyzan,Нумизм@тик,I legenda,Мэл,Феникс,Химик,Хичиго Широсаки,Гамахиро,Шиноби,~KiLLeR~,Неведомая Хрень,OBERON,Tiaps,suluhiashi,DiGan,Обито Учиха,AparatuS,Юморист,Уайт,Mayckillo,Naruto,Ryo,Kisame,Valdemarino,Leonardo2,TipS,Maito,Indra,Майто Гай,Ямамото,Джирайя,Минато Намикадзе,-Tobi-,Кьюби но Йоко,YuRaN VI,Senju Hashirama,Учиха Саске
20200216,1430,1424,1305,1294,1252,1209,1060,1036,986,870,869,787,745,710,658,570,494,455,408,402,395,376,365,355,331,323,290,286,273,248,199,198,179,175,166,150,142,135,128,126,115,107,83,80,67,64,58,57,50,45,43,39,38,33,32,31,30,29,29,28,28,28,27,21,18,17,13,11,7,7,7,5,4,3,3,2,2,2,2,2,2,2,1,1,1,1,1,1,1,1,1,1,1,1,1,1,1,1,1,1
date,Ким,Ли Сиун,sensey,Мастер ИП,Andara,Yandex,Vidok,Uchiha Madara,Orochimaru,Плагиатор,Zer0,РИДИК,Тень,Kaneki Ken,YuRaN IV,Nika,danilekk,sin108,ШикамарУ,Конс,Повар Михалыч,DeYsTrave,Rosich,Boop,Мини Итачи,Псих,Uchiha Sasuke,Инферно,Нет,Фан Юань,Фудо,Учиха Хидате,Социопат_мл,Ророноа Зоро,Azazel,Juice,Sailor Moon,Гаара,Kawaki,Неизвестный,Kain,Нагато Пейн,Энферсхелл,Hello Kitty,Лукашенко,Пейн,Hidden Pool,xameleon,Челюсти,Учиха Ишикава,HoloWise,Последователь,Хедин,Shisui,Minato,Tendo,Шинобик,Feb,Kid,Itachi Uchiha,Dante,Nidza,XopBaT,byHanzo,partyzan,Нумизм@тик,I legenda,Мэл,Феникс,Хичиго Широсаки,Гамахиро,Химик,Шиноби,~KiLLeR~,Неведомая Хрень,OBERON,Обито Учиха,Уайт,suluhiashi,DiGan,Юморист,AparatuS,Tiaps,Красный Клык,Ямамото,Ryo,Минато Намикадзе,DeYaaaa,Кьюби но Йоко,Maito,Sasuke Uchiha,Гадий,Kisame,Leonardo2,Джирайя,TipS,-Tobi-,Mayckillo,_Призрак_,Учиха Саске
20200217,1500,1491,1368,1334,1305,1287,1158,1149,1043,975,878,870,827,761,725,582,572,557,494,467,467,426,424,395,359,356,355,313,303,273,260,214,203,187,182,179,177,150,147,136,133,127,115,83,80,64,58,57,53,50,45,43,39,38,33,33,32,31,30,29,29,28,28,27,21,18,17,13,11,7,7,7,5,4,3,3,2,2,2,2,2,2,2,1,1,1,1,1,1,1,1,1,1,1,1,1,1,1,1,1
date,Ли Сиун,Ким,sensey,Yandex,Мастер ИП,Andara,Vidok,Uchiha Madara,Плагиатор,Orochimaru,Zer0,РИДИК,Тень,Kaneki Ken,YuRaN IV,Nika,danilekk,Конс,sin108,Rosich,ШикамарУ,DeYsTrave,Повар Михалыч,Мини Итачи,Псих,Boop,Uchiha Sasuke,Нет,Инферно,Фудо,Фан Юань,Учиха Хидате,Sailor Moon,Ророноа Зоро,Социопат_мл,Azazel,Juice,Kawaki,Гаара,Неизвестный,Нагато Пейн,Энферсхелл,Kain,Лукашенко,Hello Kitty,Minato,Пейн,Hidden Pool,xameleon,Челюсти,Учиха Ишикава,HoloWise,Последователь,Хедин,Shisui,Tendo,Шинобик,Feb,Kid,Itachi Uchiha,Dante,XopBaT,Nidza,byHanzo,partyzan,Нумизм@тик,I legenda,Мэл,Феникс,Хичиго Широсаки,Гамахиро,Химик,Шиноби,~KiLLeR~,OBERON,Неведомая Хрень,Каталыч,Tiaps,suluhiashi,DiGan,Уайт,Обито Учиха,Юморист,AparatuS,DeYaaaa,Sasuke Uchiha,Минато Намикадзе,Senju Hashirama,Красный Клык,Майто Гай,YuRaN VI,Учиха Саске,Ямамото,Maito,Aesdeath,Кьюби но Йоко,Гадий,TipS,Leonardo2,Kisame
20200218,1631,1594,1424,1411,1411,1305,1256,1209,1055,1043,920,916,904,888,766,698,608,586,581,512,494,493,491,457,444,432,355,353,313,287,280,235,213,204,203,188,179,173,150,137,128,124,124,88,83,77,65,58,57,53,50,45,43,39,38,33,32,31,30,29,29,28,28,27,21,18,17,13,11,7,7,7,5,4,3,3,3,2,2,2,2,2,2,2,1,1,1,1,1,1,1,1,1,1,1,1,1,1,1,1
date,Ли Сиун,Ким,Yandex,sensey,Мастер ИП,Vidok,Uchiha Madara,Andara,Плагиатор,Orochimaru,Zer0,Тень,YuRaN IV,Kaneki Ken,РИДИК,Nika,Конс,Мини Итачи,danilekk,sin108,Rosich,ШикамарУ,DeYsTrave,Псих,Повар Михалыч,Boop,Нет,Uchiha Sasuke,Инферно,Фудо,Фан Юань,Учиха Хидате,Kawaki,Sailor Moon,Ророноа Зоро,Azazel,Социопат_мл,Juice,Гаара,Энферсхелл,Неизвестный,Нагато Пейн,Kain,Minato,Пейн,Лукашенко,Hello Kitty,Hidden Pool,xameleon,Челюсти,Учиха Ишикава,HoloWise,Последователь,Хедин,Shisui,Tendo,Шинобик,Feb,Kid,Itachi Uchiha,Dante,XopBaT,Nidza,byHanzo,partyzan,Нумизм@тик,I legenda,Мэл,Феникс,Химик,Хичиго Широсаки,Гамахиро,Шиноби,~KiLLeR~,Каталыч,OBERON,Неведомая Хрень,Юморист,AparatuS,Tiaps,Обито Учиха,suluhiashi,Уайт,DiGan,Красный Клык,Sasuke Uchiha,DeYaaaa,Senju Hashirama,Майто Гай,YuRaN VI,Ryo,Malivor,Кьюби но Йоко,Maito,Гадий,Ямамото,Джирайя,мимо,Leonardo2,_Призрак_
20200219,1737,1682,1610,1492,1471,1370,1317,1305,1159,1051,1017,979,964,956,936,778,660,637,627,612,598,545,540,523,491,439,389,355,313,309,297,248,217,212,204,204,203,179,150,140,137,128,121,114,111,91,83,58,57,53,50,45,43,39,38,33,32,31,30,29,29,28,28,27,21,18,17,13,11,7,7,7,5,4,3,3,3,2,2,2,2,2,2,2,1,1,1,1,1,1,1,1,1,1,1,1,1,1,1,1
date,Ли Сиун,Ким,Yandex,Vidok,Мастер ИП,sensey,Uchiha Madara,Andara,Плагиатор,Orochimaru,Тень,Zer0,YuRaN IV,РИДИК,Kaneki Ken,Nika,Мини Итачи,Конс,Rosich,sin108,danilekk,ШикамарУ,Псих,DeYsTrave,Boop,Повар Михалыч,Нет,Uchiha Sasuke,Фан Юань,Инферно,Фудо,Kawaki,Sailor Moon,Учиха Хидате,Энферсхелл,Azazel,Ророноа Зоро,Социопат_мл,Juice,Minato,Гаара,Пейн,Неизвестный,Нагато Пейн,Kain,Лукашенко,Hello Kitty,Hidden Pool,xameleon,Челюсти,Учиха Ишикава,HoloWise,Последователь,Хедин,Shisui,Tendo,Шинобик,Feb,Kid,Dante,Itachi Uchiha,XopBaT,Nidza,byHanzo,partyzan,Нумизм@тик,I legenda,Мэл,Феникс,Химик,Хичиго Широсаки,Гамахиро,Шиноби,~KiLLeR~,Каталыч,OBERON,Неведомая Хрень,suluhiashi,Обито Учиха,Уайт,AparatuS,Tiaps,DiGan,Юморист,Mc Krabik,DeYaaaa,Malivor,Aesdeath,Maito,Кьюби но Йоко,Стим Локсар,мимо,Ямамото,_Призрак_,Красный Клык,Indra,razder,Sasuke Uchiha,Ryo,Kisame
20200220,1802,1776,1664,1552,1545,1539,1384,1379,1276,1168,1090,1070,1048,1006,1002,954,742,729,640,640,640,602,575,567,506,491,416,355,341,315,309,263,254,253,218,214,212,209,179,162,150,143,137,128,124,100,83,58,57,53,50,45,43,39,38,33,32,31,30,29,29,28,28,27,21,18,17,13,11,7,7,7,5,4,3,3,3,2,2,2,2,2,2,2,2,1,1,1,1,1,1,1,1,1,1,1,1,1,1,1
date,Ли Сиун,Ким,Yandex,Vidok,Мастер ИП,sensey,Andara,Uchiha Madara,Плагиатор,Тень,Orochimaru,Nika,YuRaN IV,Kaneki Ken,Zer0,РИДИК,Конс,Мини Итачи,Rosich,sin108,danilekk,Псих,ШикамарУ,DeYsTrave,Boop,Повар Михалыч,Нет,Uchiha Sasuke,Фан Юань,Инферно,Фудо,Sailor Moon,Minato,Учиха Хидате,Kawaki,Энферсхелл,Социопат_мл,Ророноа Зоро,Azazel,Juice,Гаара,Пейн,Неизвестный,Нагато Пейн,Лукашенко,Kain,Hello Kitty,Hidden Pool,xameleon,Челюсти,Учиха Ишикава,HoloWise,Последователь,Хедин,Shisui,Tendo,Шинобик,Feb,Kid,Itachi Uchiha,Dante,Мэл,XopBaT,Nidza,byHanzo,partyzan,Нумизм@тик,I legenda,Феникс,Хичиго Широсаки,Гамахиро,Химик,Шиноби,~KiLLeR~,Mc Krabik,Неведомая Хрень,Каталыч,OBERON,suluhiashi,Обито Учиха,Уайт,AparatuS,Tiaps,DiGan,Юморист,DeYaaaa,Джирайя,Malivor,Aesdeath,Maito,Кьюби но Йоко,Стим Локсар,мимо,Ямамото,_Призрак_,Красный Клык,Indra,razder,Ryo,-Tobi-
20200221,1910,1878,1785,1680,1623,1579,1497,1452,1312,1221,1208,1116,1107,1072,1070,1047,792,748,689,657,640,639,608,602,544,491,462,355,343,315,311,292,279,273,267,256,240,231,223,179,150,143,137,134,129,125,83,58,57,53,50,45,43,39,38,33,32,31,30,29,29,29,28,28,27,23,18,17,11,7,7,7,5,4,3,3,3,3,2,2,2,2,2,2,2,1,1,1,1,1,1,1,1,1,1,1,1,1,1,1
date,Ли Сиун,Ким,Yandex,Vidok,Мастер ИП,sensey,Andara,Uchiha Madara,Плагиатор,Тень,Nika,Orochimaru,YuRaN IV,РИДИК,Kaneki Ken,Zer0,Конс,Мини Итачи,Rosich,sin108,ШикамарУ,Псих,danilekk,DeYsTrave,Boop,Нет,Повар Михалыч,Minato,Uchiha Sasuke,Энферсхелл,Фан Юань,Инферно,Sailor Moon,Фудо,Учиха Хидате,Kawaki,Ророноа Зоро,Социопат_мл,Azazel,Juice,Гаара,Нагато Пейн,Пейн,Неизвестный,Kain,Лукашенко,Hello Kitty,Hidden Pool,xameleon,Челюсти,Учиха Ишикава,HoloWise,Последователь,Хедин,Shisui,Tendo,Мэл,Шинобик,Feb,Kid,Dante,Itachi Uchiha,Nidza,XopBaT,byHanzo,partyzan,Нумизм@тик,I legenda,Феникс,Химик,Гамахиро,Хичиго Широсаки,Шиноби,~KiLLeR~,Lim HeoSoonDiGanju,Неведомая Хрень,OBERON,Mc Krabik,Каталыч,Юморист,DiGan,Уайт,suluhiashi,Обито Учиха,Tiaps,AparatuS,Indra,Sasuke Uchiha,Aesdeath,мимо,Ямамото,razder,_Призрак_,Senju Hashirama,YuRaN VI,TipS,Стим Локсар,Leonardo2,Kisame,Ryo
20200222,2004,1965,1911,1787,1695,1644,1631,1525,1351,1302,1273,1236,1140,1133,1105,1070,839,753,738,688,666,655,640,618,593,501,489,361,355,351,348,315,314,311,301,267,253,240,230,179,172,144,143,137,134,129,83,58,57,53,50,45,43,39,38,33,32,32,31,30,29,29,28,28,27,23,18,17,11,7,7,7,5,4,3,3,3,3,3,2,2,2,2,2,2,2,2,1,1,1,1,1,1,1,1,1,1,1,1,1
date,Ли Сиун,Yandex,Ким,Andara,Vidok,Хозуки Генгетсу,sensey,Uchiha Madara,Плагиатор,Nika,Тень,Orochimaru,YuRaN IV,РИДИК,Kaneki Ken,Zer0,Конс,Rosich,Мини Итачи,Псих,sin108,ШикамарУ,DeYsTrave,danilekk,Boop,Повар Михалыч,Нет,Энферсхелл,Minato,Фан Юань,Фудо,Uchiha Sasuke,Инферно,Sailor Moon,Учиха Хидате,Kawaki,Ророноа Зоро,Azazel,Социопат_мл,Гаара,Juice,Нагато Пейн,Пейн,Неизвестный,Kain,Лукашенко,Hello Kitty,xameleon,Hidden Pool,Челюсти,Учиха Ишикава,HoloWise,Последователь,Хедин,Shisui,Tendo,Мэл,Шинобик,Feb,Kid,Itachi Uchiha,Dante,Nidza,XopBaT,byHanzo,partyzan,Нумизм@тик,I legenda,Феникс,Химик,Гамахиро,Хичиго Широсаки,Шиноби,~KiLLeR~,OBERON,Mc Krabik,Неведомая Хрень,Каталыч,Lim HeoSoonDiGanju,Юморист,DiGan,AparatuS,Tiaps,Обито Учиха,Уайт,suluhiashi,Indra,Aesdeath,Стим Локсар,_Призрак_,мимо,Leonardo2,Kisame,Ryo,Sasuke Uchiha,Гадий,Senju Hashirama,Malivor,DeYaaaa,Ямамото
20200223,2091,2068,2057,1945,1880,1841,1713,1621,1428,1346,1339,1241,1149,1133,1112,1070,1028,829,767,738,713,666,643,640,593,587,540,439,430,393,366,355,317,314,301,267,253,247,246,210,179,144,143,137,134,129,83,66,58,53,50,45,43,39,38,33,32,32,31,30,29,29,28,28,27,23,18,17,11,7,7,7,5,4,3,3,3,3,3,2,2,2,2,2,2,2,2,1,1,1,1,1,1,1,1,1,1,1,1,1
date,Ким,Ли Сиун,Yandex,Andara,Vidok,Хозуки Генгетсу,sensey,Uchiha Madara,Плагиатор,Nika,Тень,Конс,Orochimaru,YuRaN IV,РИДИК,Kaneki Ken,Zer0,Rosich,Псих,Мини Итачи,sin108,DeYsTrave,ШикамарУ,Boop,danilekk,Повар Михалыч,Нет,Энферсхелл,Minato,Фан Юань,Инферно,Фудо,Uchiha Sasuke,Sailor Moon,Учиха Хидате,Kawaki,Azazel,Ророноа Зоро,Социопат_мл,Гаара,Juice,Нагато Пейн,Пейн,Неизвестный,Kain,Лукашенко,xameleon,Hello Kitty,Hidden Pool,Челюсти,Учиха Ишикава,HoloWise,Последователь,Хедин,Shisui,Мэл,Tendo,Шинобик,Feb,Kid,Dante,Itachi Uchiha,Shinihado,XopBaT,Nidza,byHanzo,partyzan,Нумизм@тик,I legenda,Феникс,Хичиго Широсаки,Гамахиро,Химик,Шиноби,~KiLLeR~,Mc Krabik,Каталыч,OBERON,Lim HeoSoonDiGanju,Неведомая Хрень,Юморист,Уайт,Обито Учиха,DiGan,Tiaps,AparatuS,Indra,suluhiashi,Leonardo2,Taidana Ame,Senju Hashirama,Джирайя,TipS,Mayckillo,Кьюби но Йоко,Kisame,Красный Клык,Ryo,Стим Локсар,Malivor
20200224,2168,2161,2160,2116,1989,1970,1768,1724,1453,1438,1379,1312,1258,1149,1133,1127,1070,947,862,836,775,697,666,655,640,626,578,514,477,442,419,404,355,339,301,267,258,253,252,216,179,145,143,137,134,133,92,83,58,53,50,45,43,39,38,33,33,32,31,30,29,29,28,28,28,27,23,18,17,11,7,7,7,5,4,3,3,3,3,3,2,2,2,2,2,2,2,2,1,1,1,1,1,1,1,1,1,1,1,1
date,Ли Сиун,Yandex,Ким,Andara,Vidok,Хозуки Генгетсу,sensey,Uchiha Madara,Nika,Плагиатор,Тень,Конс,Orochimaru,YuRaN IV,Kaneki Ken,РИДИК,Zer0,Rosich,Псих,sin108,Мини Итачи,DeYsTrave,Boop,ШикамарУ,danilekk,Повар Михалыч,Нет,Энферсхелл,Minato,Фан Юань,Инферно,Фудо,Uchiha Sasuke,Sailor Moon,Учиха Хидате,Kawaki,Ророноа Зоро,Azazel,Социопат_мл,Гаара,Juice,Нагато Пейн,Пейн,Лукашенко,Неизвестный,Kain,xameleon,Hello Kitty,Челюсти,Hidden Pool,Учиха Ишикава,HoloWise,Последователь,Хедин,Shisui,Shinihado,Мэл,Tendo,Шинобик,Feb,Kid,Dante,Itachi Uchiha,Nidza,XopBaT,byHanzo,partyzan,Нумизм@тик,I legenda,Феникс,Хичиго Широсаки,Гамахиро,Химик,Шиноби,~KiLLeR~,Неведомая Хрень,Каталыч,Mc Krabik,Lim HeoSoonDiGanju,OBERON,suluhiashi,Юморист,Indra,AparatuS,Уайт,Tiaps,DiGan,Обито Учиха,Кьюби но Йоко,DeYaaaa,Mayckillo,Красный Клык,Valdemarino,Ямамото,Минато Намикадзе,Майто Гай,Джирайя,Senju Hashirama,Kisame,Ryo
20200225,2275,2263,2254,2199,2071,2068,1834,1832,1525,1507,1419,1350,1262,1218,1174,1133,1070,1000,931,865,842,744,695,666,640,636,617,557,555,505,456,437,355,350,301,294,283,258,252,216,179,147,143,139,137,134,92,83,65,58,50,45,43,39,38,35,33,33,32,31,30,29,29,28,28,27,23,18,17,11,7,7,7,5,4,3,3,3,3,3,2,2,2,2,2,2,2,2,1,1,1,1,1,1,1,1,1,1,1,1
date,Yandex,Ли Сиун,Ким,Andara,Vidok,Хозуки Генгетсу,Uchiha Madara,sensey,Nika,Плагиатор,Тень,Конс,Orochimaru,YuRaN IV,Kaneki Ken,РИДИК,Rosich,Zer0,Псих,sin108,Мини Итачи,DeYsTrave,Boop,Повар Михалыч,ШикамарУ,Нет,danilekk,Энферсхелл,Minato,Фан Юань,Фудо,Инферно,Sailor Moon,Uchiha Sasuke,Ророноа Зоро,Kawaki,Учиха Хидате,Azazel,Социопат_мл,Гаара,Juice,Нагато Пейн,Лукашенко,Пейн,Kain,Неизвестный,xameleon,Shisui,Hello Kitty,Челюсти,Hidden Pool,Учиха Ишикава,HoloWise,Последователь,Хедин,Shinihado,Tendo,Мэл,Шинобик,Feb,Kid,Itachi Uchiha,Dante,Nidza,XopBaT,byHanzo,partyzan,Нумизм@тик,I legenda,Феникс,Хичиго Широсаки,Химик,Гамахиро,Шиноби,~KiLLeR~,OBERON,Неведомая Хрень,Lim HeoSoonDiGanju,Mc Krabik,Каталыч,Уайт,Юморист,AparatuS,Tiaps,Обито Учиха,DiGan,Indra,suluhiashi,Naruto,Senju Hashirama,Sasuke Uchiha,Учиха Саске,Гадий,Mayckillo,Стим Локсар,Leonardo2,Кьюби но Йоко,СерыйКардинал,Учиха Обито,Aesdeath
20200226,2384,2383,2336,2258,2194,2189,1902,1885,1590,1559,1459,1434,1266,1256,1192,1190,1088,1082,1073,897,842,767,731,675,666,655,640,605,580,551,477,456,369,355,326,317,301,260,255,240,179,147,145,143,141,137,92,86,83,73,58,50,45,43,39,35,33,33,32,31,30,29,29,28,28,27,23,18,17,11,7,7,7,5,4,3,3,3,3,3,2,2,2,2,2,2,2,2,1,1,1,1,1,1,1,1,1,1,1,1
date,Yandex,Ли Сиун,Ким,Andara,Vidok,Хозуки Генгетсу,Uchiha Madara,sensey,Nika,Плагиатор,Конс,Тень,Orochimaru,YuRaN IV,РИДИК,Kaneki Ken,Zer0,Rosich,Псих,sin108,Мини Итачи,DeYsTrave,Boop,Нет,Повар Михалыч,Minato,Энферсхелл,ШикамарУ,danilekk,Фан Юань,Фудо,Инферно,Sailor Moon,Uchiha Sasuke,Ророноа Зоро,Kawaki,Учиха Хидате,Гаара,Azazel,Социопат_мл,Juice,Shisui,Нагато Пейн,Лукашенко,Kain,Пейн,Неизвестный,xameleon,Hello Kitty,Челюсти,Hidden Pool,Учиха Ишикава,HoloWise,Последователь,Хошигаке Кисаме,Хедин,Shinihado,Мэл,Tendo,Шинобик,Feb,Kid,Itachi Uchiha,Dante,XopBaT,Nidza,byHanzo,partyzan,Нумизм@тик,I legenda,Феникс,Гамахиро,Хичиго Широсаки,Химик,Шиноби,~KiLLeR~,Неведомая Хрень,Mc Krabik,Lim HeoSoonDiGanju,OBERON,Каталыч,Юморист,Indra,DiGan,AparatuS,Tiaps,Обито Учиха,Уайт,suluhiashi,Красный Клык,_Призрак_,Кьюби но Йоко,Mayckillo,Aesdeath,DeYaaaa,Naruto,Kreats,Ryo,мимо,Kisame
20200227,2540,2485,2434,2354,2287,2273,2026,1956,1717,1607,1512,1512,1427,1269,1220,1204,1170,1148,1139,946,898,781,769,693,675,670,669,666,640,589,503,456,411,355,334,319,301,280,265,256,179,148,147,145,144,143,137,92,83,81,58,50,45,43,40,39,35,33,33,32,31,30,29,29,28,28,27,23,18,17,11,7,7,7,5,4,3,3,3,3,3,2,2,2,2,2,2,2,2,1,1,1,1,1,1,1,1,1,1,1
date,Yandex,Ли Сиун,Ким,Andara,Vidok,Хозуки Генгетсу,Uchiha Madara,sensey,Nika,Плагиатор,Конс,Тень,Orochimaru,YuRaN IV,Zer0,Псих,РИДИК,Kaneki Ken,Rosich,sin108,Мини Итачи,Boop,DeYsTrave,Minato,Энферсхелл,Нет,Повар Михалыч,ШикамарУ,danilekk,Фан Юань,Фудо,Sailor Moon,Инферно,Uchiha Sasuke,Ророноа Зоро,Kawaki,Гаара,Учиха Хидате,Azazel,Социопат_мл,Shisui,Juice,Нагато Пейн,Лукашенко,Kain,Пейн,Неизвестный,Челюсти,xameleon,Hello Kitty,Hidden Pool,Учиха Ишикава,HoloWise,Последователь,Хошигаке Кисаме,Хедин,Shinihado,Мэл,Tendo,Шинобик,Feb,Kid,Itachi Uchiha,Dante,XopBaT,Nidza,byHanzo,partyzan,Нумизм@тик,I legenda,Феникс,Гамахиро,Хичиго Широсаки,Химик,Шиноби,~KiLLeR~,Неведомая Хрень,Mc Krabik,Lim HeoSoonDiGanju,OBERON,Каталыч,Юморист,Indra,DiGan,AparatuS,Tiaps,Обито Учиха,Уайт,suluhiashi,Красный Клык,_Призрак_,Кьюби но Йоко,Mayckillo,Aesdeath,DeYaaaa,Naruto,Kreats,Ryo,мимо,Kisame
20200228,2698,2588,2552,2487,2405,2356,2141,1998,1895,1656,1577,1561,1483,1335,1277,1221,1221,1211,1209,960,898,805,796,755,722,722,675,674,640,629,535,457,456,355,334,323,303,301,265,262,189,179,147,145,144,143,137,122,92,83,58,50,45,43,40,39,35,33,33,32,31,30,29,29,28,28,27,23,18,17,11,7,7,7,5,4,3,3,3,3,3,2,2,2,2,2,2,2,2,1,1,1,1,1,1,1,1,1,1,1
date,Yandex,Ли Сиун,Ким,Andara,Vidok,Хозуки Генгетсу,Uchiha Madara,Nika,sensey,Плагиатор,Конс,Тень,Orochimaru,Псих,YuRaN IV,Zer0,Rosich,РИДИК,Kaneki Ken,sin108,Minato,Boop,Мини Итачи,DeYsTrave,ШикамарУ,Нет,Энферсхелл,Фан Юань,Повар Михалыч,danilekk,Фудо,Sailor Moon,Инферно,Uchiha Sasuke,Ророноа Зоро,Гаара,Kawaki,Учиха Хидате,Azazel,Социопат_мл,Shisui,Juice,Челюсти,Нагато Пейн,Лукашенко,Kain,Пейн,Неизвестный,xameleon,Hello Kitty,Hidden Pool,Мизуки,Учиха Ишикава,HoloWise,Последователь,Хошигаке Кисаме,Хедин,Shinihado,Мэл,Tendo,Шинобик,Feb,Kid,Itachi Uchiha,Dante,XopBaT,Nidza,byHanzo,partyzan,Нумизм@тик,I legenda,Феникс,Хичиго Широсаки,Гамахиро,Химик,Шиноби,~KiLLeR~,OBERON,Неведомая Хрень,Каталыч,Lim HeoSoonDiGanju,Mc Krabik,DiGan,Юморист,Уайт,Tiaps,suluhiashi,Обито Учиха,Indra,AparatuS,YuRaN VI,Ли Сун Син,Senju Hashirama,DeYaaaa,razder,Valdemarino,Учиха Саске,Стим Локсар,СерыйКардинал,мимо
20200229,2790,2695,2620,2588,2492,2488,2229,2064,2060,1705,1640,1623,1563,1349,1342,1340,1268,1228,1212,995,928,916,910,824,786,765,764,694,675,640,562,499,464,355,345,341,323,301,265,262,257,179,151,147,145,144,143,137,92,83,58,57,50,45,43,40,39,35,33,33,32,31,30,29,29,28,28,27,23,18,17,11,7,7,7,5,4,3,3,3,3,3,2,2,2,2,2,2,2,2,1,1,1,1,1,1,1,1,1,1
date,Yandex,Ли Сиун,Ким,Andara,Vidok,Хозуки Генгетсу,Uchiha Madara,Nika,sensey,Плагиатор,Конс,Тень,Orochimaru,Zer0,Псих,YuRaN IV,Rosich,РИДИК,Kaneki Ken,Minato,sin108,Boop,Мини Итачи,DeYsTrave,Энферсхелл,ШикамарУ,Нет,Фан Юань,Повар Михалыч,danilekk,Фудо,Sailor Moon,Инферно,Гаара,Ророноа Зоро,Uchiha Sasuke,Shisui,Kawaki,Социопат_мл,Учиха Хидате,Azazel,Мизуки,Juice,Челюсти,Нагато Пейн,Лукашенко,Kain,Пейн,Неизвестный,xameleon,Hello Kitty,Hidden Pool,Учиха Ишикава,HoloWise,Последователь,Хошигаке Кисаме,Хедин,Shinihado,Tendo,Мэл,Шинобик,Feb,Kid,Itachi Uchiha,Dante,Nidza,XopBaT,byHanzo,partyzan,Нумизм@тик,I legenda,Неведомая Хрень,Мя!,Феникс,Гамахиро,Химик,Хичиго Широсаки,Шиноби,~KiLLeR~,Каталыч,Mc Krabik,OBERON,Lim HeoSoonDiGanju,AparatuS,Юморист,Indra,Хината,Tiaps,DiGan,Обито Учиха,suluhiashi,Уайт,Aesdeath,Учиха Саске,Кьюби но Йоко,Mayckillo,-Tobi-,мимо,Malivor,TipS
20200301,2903,2812,2760,2620,2599,2583,2314,2182,2105,1802,1718,1666,1635,1488,1479,1342,1333,1228,1222,1209,1048,982,953,855,823,822,794,744,675,640,593,527,491,380,362,355,342,323,308,301,265,197,179,166,147,145,144,143,137,92,83,58,50,45,43,42,39,35,33,33,32,31,30,29,29,28,28,27,23,18,17,13,12,11,7,7,7,5,4,3,3,3,3,2,2,2,2,2,2,2,2,2,1,1,1,1,1,1,1,1
date,Yandex,Ли Сиун,Ким,Andara,Vidok,Хозуки Генгетсу,Uchiha Madara,Nika,sensey,Плагиатор,Конс,Тень,Orochimaru,Псих,Zer0,Rosich,YuRaN IV,Minato,РИДИК,Kaneki Ken,sin108,Boop,Мини Итачи,DeYsTrave,ШикамарУ,Нет,Энферсхелл,Фан Юань,Повар Михалыч,danilekk,Фудо,Sailor Moon,Инферно,Shisui,Гаара,Ророноа Зоро,Uchiha Sasuke,Kawaki,Социопат_мл,Учиха Хидате,Мизуки,Azazel,Челюсти,Juice,Нагато Пейн,Лукашенко,Kain,Пейн,Неизвестный,Мя!,xameleon,Hello Kitty,Hidden Pool,Учиха Ишикава,HoloWise,Последователь,Хошигаке Кисаме,Хедин,Shinihado,Tendo,Мэл,Шинобик,Feb,Kid,Dante,Itachi Uchiha,partyzan,Nidza,XopBaT,byHanzo,Lev,Хадзиме Нагумо,Нумизм@тик,I legenda,Хината,Неведомая Хрень,Феникс,Химик,Хичиго Широсаки,Гамахиро,Шиноби,~KiLLeR~,OBERON,Mc Krabik,Каталыч,Lim HeoSoonDiGanju,Уайт,suluhiashi,Юморист,Обито Учиха,Tiaps,DiGan,AparatuS,Indra,Гадий,Учиха Обито,Ли Сун Син,мимо,YuRaN VI,Uchikha_Itachi
20200302,2944,2900,2873,2697,2680,2664,2420,2381,2293,1855,1781,1704,1629,1594,1488,1410,1342,1292,1227,1222,1123,1028,1000,905,864,844,829,784,713,640,623,612,532,400,395,378,355,323,308,301,270,265,203,179,147,145,144,143,137,113,92,83,58,50,45,43,42,39,35,33,33,32,31,30,29,29,29,28,28,27,24,19,18,17,15,13,11,7,7,7,5,4,3,3,3,3,2,2,2,2,2,2,2,2,1,1,1,1,1,1
date,Yandex,Ли Сиун,Ким,Хозуки Генгетсу,Andara,Vidok,Nika,Uchiha Madara,sensey,Плагиатор,Псих,Конс,Тень,Orochimaru,Zer0,Rosich,Minato,YuRaN IV,Kaneki Ken,РИДИК,sin108,Boop,Мини Итачи,DeYsTrave,ШикамарУ,Нет,Энферсхелл,Фан Юань,Повар Михалыч,Sailor Moon,danilekk,Фудо,Инферно,Shisui,Гаара,Ророноа Зоро,Uchiha Sasuke,Kawaki,Социопат_мл,Мизуки,Учиха Хидате,Azazel,Челюсти,Juice,Нагато Пейн,Лукашенко,Kain,Пейн,Неизвестный,Мя!,xameleon,Hello Kitty,Хината,Hidden Pool,Учиха Ишикава,HoloWise,Последователь,Lev,Хошигаке Кисаме,Хедин,Shinihado,Хадзиме Нагумо,Мэл,Tendo,Шинобик,Feb,Kid,Dante,partyzan,Itachi Uchiha,Nidza,XopBaT,byHanzo,Нумизм@тик,I legenda,Неведомая Хрень,Феникс,Химик,Гамахиро,Хичиго Широсаки,Шиноби,~KiLLeR~,Mc Krabik,OBERON,Lim HeoSoonDiGanju,Каталыч,AparatuS,Tiaps,Уайт,Indra,Обито Учиха,suluhiashi,DiGan,Юморист,Ryo,Ли Сун Син,Учиха Обито,мимо,YuRaN VI,Гадий
20200303,3055,2968,2928,2765,2697,2696,2523,2519,2348,1904,1826,1816,1754,1640,1592,1412,1362,1342,1253,1227,1144,1108,1027,929,880,875,840,820,749,665,640,638,532,465,420,383,355,323,308,302,301,271,244,179,147,145,144,143,137,113,92,83,64,58,50,45,43,43,42,39,35,34,33,33,32,31,30,29,29,29,28,28,27,18,17,13,11,7,7,7,5,4,3,3,3,3,2,2,2,2,2,2,2,2,1,1,1,1,1,1
date,Yandex,Ли Сиун,Ким,Хозуки Генгетсу,Nika,Andara,Vidok,Uchiha Madara,sensey,Плагиатор,Псих,Конс,Тень,Orochimaru,Zer0,Minato,Rosich,YuRaN IV,Kaneki Ken,РИДИК,sin108,Boop,Мини Итачи,DeYsTrave,ШикамарУ,Нет,Энферсхелл,Фан Юань,Повар Михалыч,Sailor Moon,danilekk,Фудо,Инферно,Гаара,Shisui,Ророноа Зоро,Мизуки,Uchiha Sasuke,Kawaki,Социопат_мл,Учиха Хидате,Челюсти,Azazel,Juice,Нагато Пейн,Лукашенко,Kain,Пейн,Неизвестный,Мя!,xameleon,Lev,Хината,Hello Kitty,Hidden Pool,Учиха Ишикава,HoloWise,Последователь,Хошигаке Кисаме,Хедин,Хадзиме Нагумо,Shinihado,Tendo,Мэл,Шинобик,Feb,Kid,Dante,partyzan,Itachi Uchiha,Nidza,XopBaT,byHanzo,Нумизм@тик,I legenda,Неведомая Хрень,Феникс,Хичиго Широсаки,Гамахиро,Химик,Шиноби,~KiLLeR~,Lim HeoSoonDiGanju,OBERON,Mc Krabik,Каталыч,Indra,atataSty1e,Юморист,Уайт,suluhiashi,Обито Учиха,Tiaps,DiGan,AparatuS,Kisame,Leonardo2,_Призрак_,xXxDarkStaRxXx,Kreats
20200304,3146,3061,3018,2811,2751,2697,2696,2617,2399,2020,1980,1910,1790,1701,1684,1434,1412,1342,1313,1253,1166,1108,1027,937,933,908,874,830,749,685,640,638,532,520,483,420,371,355,337,308,301,287,272,179,147,145,144,143,137,113,92,90,88,83,58,50,45,43,42,39,36,35,33,33,32,31,30,29,29,29,28,28,27,18,17,13,11,7,7,7,5,4,3,3,3,3,2,2,2,2,2,2,2,2,2,1,1,1,1,1
date,Yandex,Ли Сиун,Ким,Nika,Хозуки Генгетсу,Uchiha Madara,Andara,Vidok,sensey,Конс,Плагиатор,Псих,Тень,Zer0,Orochimaru,Minato,Rosich,Kaneki Ken,YuRaN IV,РИДИК,sin108,ШикамарУ,Boop,Мини Итачи,DeYsTrave,Нет,Энферсхелл,Фан Юань,Повар Михалыч,Sailor Moon,Фудо,danilekk,Инферно,Shisui,Гаара,Мизуки,Ророноа Зоро,Kawaki,Uchiha Sasuke,Социопат_мл,Учиха Хидате,Челюсти,Azazel,Juice,Нагато Пейн,Лукашенко,Kain,Пейн,Неизвестный,Хината,Мя!,Lev,xameleon,Hello Kitty,Hidden Pool,Учиха Ишикава,HoloWise,Последователь,Хошигаке Кисаме,Эйс,Хедин,Хадзиме Нагумо,Шинобик,Shinihado,Мэл,Tendo,Feb,Kid,partyzan,Dante,Itachi Uchiha,Nidza,XopBaT,byHanzo,Нумизм@тик,I legenda,Неведомая Хрень,Феникс,Химик,Гамахиро,Хичиго Широсаки,Шиноби,~KiLLeR~,Каталыч,Lim HeoSoonDiGanju,OBERON,Mc Krabik,AparatuS,suluhiashi,Уайт,atataSty1e,DiGan,Tiaps,Юморист,Обито Учиха,Indra,Красный Клык,Кьюби но Йоко,Гадий,Mayckillo
20200305,3262,3164,3121,2988,2919,2704,2697,2696,2448,2136,2126,2075,1825,1736,1726,1512,1476,1380,1342,1270,1189,1133,1108,1034,1006,973,917,863,783,685,656,640,555,543,527,523,437,357,355,308,301,295,272,179,147,147,144,143,138,118,113,105,92,83,58,50,45,43,42,41,39,36,35,35,33,33,31,30,29,29,29,28,28,27,18,17,13,11,7,7,7,5,4,3,3,3,3,2,2,2,2,2,2,2,2,2,1,1,1,1
date,Yandex,Ли Сиун,Ким,Nika,Хозуки Генгетсу,Uchiha Madara,Andara,Vidok,sensey,Конс,Псих,Плагиатор,Тень,Orochimaru,Zer0,Minato,Rosich,Kaneki Ken,ШикамарУ,YuRaN IV,РИДИК,sin108,Boop,Мини Итачи,DeYsTrave,Нет,Энферсхелл,Фан Юань,Повар Михалыч,Sailor Moon,Фудо,danilekk,Мизуки,Инферно,Shisui,Гаара,Ророноа Зоро,Kawaki,Uchiha Sasuke,Челюсти,Социопат_мл,Учиха Хидате,Azazel,Хината,Juice,Лукашенко,Нагато Пейн,Kain,Пейн,Lev,Неизвестный,Мя!,xameleon,Hello Kitty,Эйс,Hidden Pool,Учиха Ишикава,HoloWise,Хошигаке Кисаме,Последователь,Хедин,Хадзиме Нагумо,Шинобик,Shinihado,Мэл,Tendo,Feb,Kid,partyzan,Dante,Itachi Uchiha,XopBaT,Nidza,byHanzo,Нумизм@тик,I legenda,Неведомая Хрень,Феникс,Химик,Хичиго Широсаки,Гамахиро,Шиноби,~KiLLeR~,Lim HeoSoonDiGanju,Mc Krabik,Каталыч,OBERON,Уайт,Обито Учиха,Tiaps,DiGan,AparatuS,Юморист,Indra,atataSty1e,suluhiashi,Стим Локсар,Учиха Обито,ggg,Джирайя
20200306,3344,3294,3176,3078,2994,2804,2768,2696,2508,2225,2224,2164,1897,1877,1755,1587,1488,1407,1381,1342,1304,1217,1143,1041,1005,1004,951,910,789,711,668,640,589,565,549,542,437,358,355,327,313,301,272,200,179,147,147,144,143,140,138,113,92,83,61,58,50,45,43,43,39,36,35,35,33,33,31,30,29,29,29,28,28,27,18,17,13,11,7,7,7,5,4,3,3,3,3,2,2,2,2,2,2,2,2,2,1,1,1,1
date,Yandex,Ли Сиун,Ким,Nika,Хозуки Генгетсу,Andara,Uchiha Madara,Vidok,sensey,Псих,Конс,Плагиатор,Тень,Orochimaru,Zer0,Minato,Rosich,ШикамарУ,Kaneki Ken,YuRaN IV,РИДИК,sin108,Нет,Boop,Мини Итачи,DeYsTrave,Энферсхелл,Фан Юань,Повар Михалыч,Sailor Moon,Фудо,danilekk,Мизуки,Shisui,Гаара,Инферно,Ророноа Зоро,Kawaki,Uchiha Sasuke,Челюсти,Социопат_мл,Учиха Хидате,Azazel,Хината,Juice,Lev,Лукашенко,Нагато Пейн,Kain,Пейн,Неизвестный,Мя!,xameleon,Hello Kitty,Эйс,Hidden Pool,Учиха Ишикава,HoloWise,Хошигаке Кисаме,Последователь,Хедин,Хадзиме Нагумо,Шинобик,Shinihado,Мэл,Tendo,Feb,Kid,Itachi Uchiha,Dante,partyzan,Nidza,XopBaT,byHanzo,Локус,Нумизм@тик,I legenda,TatNeft,Мелиодас!,Неведомая Хрень,Феникс,Хичиго Широсаки,Гамахиро,Химик,Шиноби,~KiLLeR~,Lim HeoSoonDiGanju,Mc Krabik,Каталыч,OBERON,Уайт,suluhiashi,Юморист,Обито Учиха,Tiaps,DiGan,AparatuS,Scifsyyh,atataSty1e,Indra
20200307,3451,3386,3305,3280,3096,2904,2874,2696,2559,2361,2346,2213,1932,1888,1795,1676,1488,1416,1412,1342,1305,1249,1202,1173,1111,1020,972,928,789,745,682,640,612,578,573,573,487,360,355,345,329,301,272,240,179,153,147,147,144,143,138,113,92,83,69,58,50,45,43,43,39,36,35,35,33,33,31,30,29,29,29,28,28,27,23,18,17,16,14,13,11,7,7,7,5,4,3,3,3,3,2,2,2,2,2,2,2,2,2,2
date,Yandex,Ли Сиун,Nika,Ким,Хозуки Генгетсу,Andara,Uchiha Madara,Vidok,Конс,sensey,Псих,Плагиатор,Тень,Orochimaru,Zer0,Minato,Rosich,Kaneki Ken,ШикамарУ,YuRaN IV,РИДИК,sin108,Boop,Нет,Мини Итачи,DeYsTrave,Энферсхелл,Фан Юань,Повар Михалыч,Sailor Moon,Мизуки,Фудо,danilekk,Shisui,Инферно,Гаара,Ророноа Зоро,Социопат_мл,Kawaki,Челюсти,Uchiha Sasuke,Учиха Хидате,Azazel,Хината,Juice,Lev,Нагато Пейн,Лукашенко,Kain,Пейн,Неизвестный,Эйс,Мя!,xameleon,Hello Kitty,Локус,Hidden Pool,Мелиодас!,Учиха Ишикава,HoloWise,Хошигаке Кисаме,Последователь,Хедин,Шинобик,Хадзиме Нагумо,Shinihado,Tendo,Мэл,Feb,Kid,Dante,partyzan,Itachi Uchiha,Nidza,XopBaT,byHanzo,Нумизм@тик,I legenda,TatNeft,Неведомая Хрень,Zhuge,Феникс,Гамахиро,Химик,Хичиго Широсаки,Шиноби,~KiLLeR~,Mc Krabik,OBERON,Lim HeoSoonDiGanju,Каталыч,atataSty1e,Обито Учиха,DiGan,Tiaps,suluhiashi,Юморист,Уайт,Indra,Scifsyyh
20200308,3557,3460,3423,3388,3118,3020,2936,2696,2621,2607,2421,2292,1972,1926,1891,1861,1514,1440,1416,1342,1305,1292,1242,1232,1137,1027,998,968,832,759,705,682,640,640,585,573,509,381,366,355,355,301,272,242,179,153,147,147,144,143,138,117,113,92,83,59,58,51,50,45,43,43,39,38,36,35,33,33,32,30,29,29,29,28,28,27,18,17,16,13,11,11,7,7,7,5,4,3,3,3,3,2,2,2,2,2,2,2,2,2
date,Nika,Yandex,Ли Сиун,Ким,Хозуки Генгетсу,Andara,Uchiha Madara,Конс,Vidok,sensey,Псих,Плагиатор,Тень,Minato,Zer0,Orochimaru,Rosich,Kaneki Ken,ШикамарУ,YuRaN IV,sin108,РИДИК,Boop,Нет,Мини Итачи,DeYsTrave,Энферсхелл,Фан Юань,Повар Михалыч,Sailor Moon,Мизуки,Фудо,Shisui,danilekk,Инферно,Гаара,Ророноа Зоро,Челюсти,Социопат_мл,Kawaki,Uchiha Sasuke,Azazel,Учиха Хидате,Хината,Juice,Lev,Лукашенко,Нагато Пейн,Эйс,Kain,Пейн,Неизвестный,Мя!,xameleon,Hello Kitty,Локус,Hidden Pool,Последователь,Мелиодас!,Учиха Ишикава,HoloWise,Хошигаке Кисаме,Хедин,Шинобик,Хадзиме Нагумо,Shinihado,Tendo,Мэл,Feb,Саня,Kid,Itachi Uchiha,Dante,partyzan,Nidza,XopBaT,byHanzo,Нумизм@тик,I legenda,TatNeft,Неведомая Хрень,Феникс,Zhuge,Хичиго Широсаки,Химик,Гамахиро,Шиноби,~KiLLeR~,Каталыч,Lim HeoSoonDiGanju,Mc Krabik,OBERON,suluhiashi,Indra,Tiaps,Уайт,Дон,Scifsyyh,atataSty1e,Юморист
20200309,3672,3623,3569,3462,3220,3139,3047,2738,2696,2686,2432,2325,2010,1980,1957,1948,1557,1495,1416,1342,1330,1305,1296,1268,1159,1027,1015,986,857,777,739,682,670,640,600,573,509,424,382,367,355,327,301,242,179,153,147,147,144,144,143,138,113,92,83,59,58,53,51,50,45,43,39,38,36,35,33,33,32,31,30,29,29,29,28,28,27,18,17,16,13,11,11,7,7,7,5,4,3,3,3,3,2,2,2,2,2,2,2,2
date,Nika,Ли Сиун,Yandex,Ким,Хозуки Генгетсу,Andara,Uchiha Madara,Конс,sensey,Vidok,Псих,Плагиатор,Тень,Minato,Zer0,Orochimaru,Rosich,Kaneki Ken,ШикамарУ,sin108,YuRaN IV,Boop,РИДИК,Нет,Мини Итачи,DeYsTrave,Энферсхелл,Фан Юань,Повар Михалыч,Мизуки,Sailor Moon,Shisui,Фудо,danilekk,Инферно,Гаара,Ророноа Зоро,Челюсти,Azazel,Социопат_мл,Kawaki,Uchiha Sasuke,Учиха Хидате,Хината,Эйс,Juice,Lev,Лукашенко,Нагато Пейн,Kain,Пейн,Неизвестный,Мя!,xameleon,Hello Kitty,Локус,Hidden Pool,Последователь,Мелиодас!,Учиха Ишикава,HoloWise,Хошигаке Кисаме,Хедин,Шинобик,Хадзиме Нагумо,Shinihado,Tendo,Мэл,Feb,Саня,Kid,Itachi Uchiha,Dante,partyzan,Nidza,XopBaT,byHanzo,Нумизм@тик,I legenda,TatNeft,Неведомая Хрень,Феникс,Zhuge,Хичиго Широсаки,Химик,Гамахиро,Шиноби,~KiLLeR~,Каталыч,Lim HeoSoonDiGanju,Mc Krabik,OBERON,Indra,suluhiashi,Tiaps,Уайт,Дон,Scifsyyh,atataSty1e,Юморист
20200310,3707,3677,3623,3529,3289,3284,3088,2831,2722,2696,2668,2359,2046,2029,2002,1966,1662,1569,1416,1346,1342,1332,1305,1268,1170,1027,1025,1002,947,824,796,696,682,640,609,573,509,424,421,382,370,355,301,263,214,179,153,147,147,144,143,138,113,92,83,59,58,53,51,50,45,43,39,38,36,35,33,33,32,31,30,29,29,29,28,28,27,18,17,16,13,11,11,7,7,7,5,4,3,3,3,3,2,2,2,2,2,2,2,2
date,Nika,Ли Сиун,Yandex,Ким,Andara,Хозуки Генгетсу,Uchiha Madara,Конс,Псих,sensey,Vidok,Плагиатор,Minato,Тень,Zer0,Orochimaru,Rosich,Kaneki Ken,ШикамарУ,Boop,sin108,YuRaN IV,РИДИК,Нет,Мини Итачи,Энферсхелл,DeYsTrave,Фан Юань,Повар Михалыч,Мизуки,Sailor Moon,Shisui,Фудо,danilekk,Инферно,Гаара,Ророноа Зоро,Azazel,Челюсти,Социопат_мл,Kawaki,Uchiha Sasuke,Учиха Хидате,Хината,Эйс,Juice,Lev,Лукашенко,Нагато Пейн,Kain,Пейн,Неизвестный,Мя!,xameleon,Hello Kitty,Локус,Hidden Pool,Последователь,Мелиодас!,Учиха Ишикава,HoloWise,Хошигаке Кисаме,Хедин,Шинобик,Хадзиме Нагумо,Shinihado,Мэл,Tendo,Feb,Саня,Kid,Itachi Uchiha,Dante,partyzan,Nidza,XopBaT,byHanzo,Нумизм@тик,I legenda,TatNeft,Неведомая Хрень,Zhuge,Феникс,Химик,Гамахиро,Хичиго Широсаки,Шиноби,~KiLLeR~,Дон,Mc Krabik,Каталыч,Lim HeoSoonDiGanju,OBERON,suluhiashi,Indra,Обито Учиха,DiGan,Юморист,Уайт,Scifsyyh
20200311,3853,3731,3623,3581,3378,3361,3173,2875,2864,2770,2696,2404,2101,2075,2030,2015,1699,1633,1473,1372,1354,1342,1295,1268,1232,1070,1027,1010,947,834,815,723,682,640,609,573,509,425,424,387,370,355,301,296,273,179,153,147,147,144,143,138,113,92,83,59,58,53,51,50,45,43,39,38,36,35,33,33,32,31,30,29,29,29,28,28,27,18,17,16,13,11,11,7,7,7,5,4,4,3,3,3,3,2,2,2,2,2,2,2
date,Nika,Ли Сиун,Ким,Yandex,Andara,Хозуки Генгетсу,Uchiha Madara,Псих,Конс,sensey,Vidok,Плагиатор,Minato,Тень,Orochimaru,Zer0,Rosich,Kaneki Ken,ШикамарУ,Boop,sin108,YuRaN IV,РИДИК,Нет,Мини Итачи,Энферсхелл,DeYsTrave,Фан Юань,Повар Михалыч,Мизуки,Sailor Moon,Shisui,Фудо,danilekk,Инферно,Гаара,Ророноа Зоро,Челюсти,Azazel,Социопат_мл,Kawaki,Uchiha Sasuke,Эйс,Хината,Учиха Хидате,Juice,Lev,Лукашенко,Нагато Пейн,Kain,Пейн,Неизвестный,Мя!,xameleon,Hello Kitty,Локус,Hidden Pool,Последователь,Мелиодас!,Учиха Ишикава,HoloWise,Хошигаке Кисаме,Хедин,Шинобик,Хадзиме Нагумо,Shinihado,Tendo,Мэл,Feb,Саня,Kid,Dante,partyzan,Nidza,Itachi Uchiha,XopBaT,byHanzo,Ferrum,Нумизм@тик,I legenda,TatNeft,Неведомая Хрень,Zhuge,Феникс,Хичиго Широсаки,Гамахиро,Химик,Шиноби,~KiLLeR~,Дон,Mc Krabik,OBERON,Каталыч,Lim HeoSoonDiGanju,Юморист,atataSty1e,Scifsyyh,Tiaps,Уайт,suluhiashi
20200312,4198,3843,3663,3623,3474,3405,3258,3040,2976,2817,2696,2478,2181,2159,2075,2039,1772,1669,1506,1406,1372,1342,1295,1268,1235,1173,1027,1021,947,896,815,780,682,640,611,573,509,485,468,387,370,355,338,334,301,179,153,147,147,144,143,138,113,92,83,59,58,53,51,50,45,43,39,38,36,35,33,33,32,31,30,29,29,29,29,28,27,22,18,17,16,13,11,11,7,7,7,5,4,4,3,3,3,3,2,2,2,2,2,2
date,Nika,Ли Сиун,Ким,Yandex,Andara,Хозуки Генгетсу,Uchiha Madara,Псих,Конс,sensey,Vidok,Плагиатор,Тень,Minato,Orochimaru,Zer0,Rosich,Kaneki Ken,ШикамарУ,Boop,sin108,YuRaN IV,РИДИК,Нет,Мини Итачи,Энферсхелл,Фан Юань,DeYsTrave,Мизуки,Повар Михалыч,Sailor Moon,Shisui,Фудо,danilekk,Инферно,Azazel,Гаара,Челюсти,Ророноа Зоро,Социопат_мл,Эйс,Хината,Kawaki,Uchiha Sasuke,Учиха Хидате,Juice,Lev,Нагато Пейн,Лукашенко,Kain,Пейн,Неизвестный,Мя!,xameleon,Hello Kitty,Свет,Локус,Hidden Pool,Дон Румата,Последователь,Мелиодас!,Учиха Ишикава,HoloWise,Хошигаке Кисаме,Хедин,Шинобик,Хадзиме Нагумо,Shinihado,Мэл,Tendo,partyzan,Feb,Саня,Kid,Dante,Nidza,Itachi Uchiha,XopBaT,byHanzo,Ferrum,Ken Kaneki,Нумизм@тик,I legenda,TatNeft,Картман,Неведомая Хрень,Феникс,Zhuge,Хичиго Широсаки,Гамахиро,Химик,Шиноби,~KiLLeR~,Дон,Lim HeoSoonDiGanju,Каталыч,OBERON,Mc Krabik,Indra,Scifsyyh
20200313,4351,3859,3733,3623,3573,3503,3375,3229,3027,2862,2696,2516,2356,2285,2134,2039,1824,1694,1652,1429,1385,1342,1315,1268,1239,1180,1029,1027,1008,966,869,817,682,640,611,582,573,532,509,388,373,370,370,355,301,179,153,147,147,144,143,138,113,92,83,59,59,58,53,53,51,50,45,43,39,38,36,35,33,33,32,32,31,30,29,29,29,28,27,24,22,18,17,16,14,13,11,11,7,7,7,5,4,4,3,3,3,3,2,2
date,Nika,Ли Сиун,Ким,Andara,Yandex,Хозуки Генгетсу,Uchiha Madara,Псих,Конс,sensey,Vidok,Плагиатор,Minato,Тень,Orochimaru,Zer0,Rosich,Kaneki Ken,ШикамарУ,Boop,sin108,YuRaN IV,РИДИК,Нет,Мини Итачи,Энферсхелл,Мизуки,Фан Юань,Sailor Moon,DeYsTrave,Повар Михалыч,Shisui,Фудо,danilekk,Инферно,Челюсти,Azazel,Гаара,Ророноа Зоро,Хината,Социопат_мл,Эйс,Kawaki,Uchiha Sasuke,Учиха Хидате,Juice,Lev,Нагато Пейн,Лукашенко,Kain,Пейн,Свет,Неизвестный,Мя!,Дон Румата,xameleon,Hello Kitty,Локус,Hidden Pool,Ferrum,Последователь,Мелиодас!,Учиха Ишикава,HoloWise,Хошигаке Кисаме,Хедин,Шинобик,Хадзиме Нагумо,Shinihado,Мэл,Tendo,partyzan,Feb,Саня,Kid,Itachi Uchiha,Nidza,Dante,XopBaT,byHanzo,Ken Kaneki,Нумизм@тик,I legenda,TatNeft,Картман,Неведомая Хрень,Indra,Zhuge,Феникс,Хичиго Широсаки,Гамахиро,Химик,Шиноби,~KiLLeR~,Дон,Каталыч,Mc Krabik,Lim HeoSoonDiGanju,OBERON,Scifsyyh
20200314,4717,3940,3804,3696,3623,3600,3451,3290,3099,2954,2696,2551,2427,2394,2183,2088,1924,1709,1683,1470,1398,1342,1315,1268,1239,1206,1185,1039,1035,1027,981,838,682,640,630,617,582,573,516,395,388,386,370,355,301,179,153,147,147,144,143,142,138,113,96,92,83,59,58,56,53,51,50,45,43,39,38,36,35,33,33,32,32,31,30,29,29,29,28,27,22,18,17,16,14,13,13,11,11,7,7,7,5,4,4,3,3,3,3,2
date,Nika,Ли Сиун,Ким,Andara,Хозуки Генгетсу,Yandex,Uchiha Madara,Псих,Конс,sensey,Vidok,Плагиатор,Minato,Тень,Orochimaru,Zer0,Rosich,Kaneki Ken,ШикамарУ,Boop,sin108,YuRaN IV,РИДИК,Мизуки,Нет,Мини Итачи,Энферсхелл,Sailor Moon,Фан Юань,DeYsTrave,Повар Михалыч,Shisui,Фудо,Инферно,Челюсти,danilekk,Azazel,Гаара,Ророноа Зоро,Эйс,Хината,Социопат_мл,Kawaki,Uchiha Sasuke,Учиха Хидате,Ferrum,Juice,Свет,Lev,Нагато Пейн,Лукашенко,Kain,Пейн,Неизвестный,Дон Румата,Мя!,xameleon,Hello Kitty,Nidza,Локус,Hidden Pool,Последователь,Мелиодас!,Учиха Ишикава,HoloWise,Хошигаке Кисаме,Indra,Хедин,Шинобик,Хадзиме Нагумо,Shinihado,Мэл,Tendo,Feb,partyzan,Саня,Kid,Dante,Itachi Uchiha,XopBaT,byHanzo,Ken Kaneki,Нумизм@тик,I legenda,TatNeft,Картман,Неведомая Хрень,Zhuge,Феникс,Гамахиро,Хичиго Широсаки,Химик,Шиноби,Дон,~KiLLeR~,Каталыч,Lim HeoSoonDiGanju,Mc Krabik,OBERON,Обито
20200315,4998,3995,3840,3812,3741,3623,3535,3376,3202,3004,2696,2614,2545,2431,2234,2140,2001,1757,1712,1500,1408,1342,1315,1290,1268,1241,1230,1058,1052,1027,990,882,682,665,665,640,582,573,519,505,461,388,370,355,300,185,179,156,153,147,147,144,143,138,126,113,92,83,81,59,58,53,51,50,45,43,42,39,38,36,35,33,33,32,32,31,30,29,29,28,27,22,18,17,16,14,13,11,11,7,7,7,5,4,4,3,3,3,3,2
date,Nika,Ли Сиун,Andara,Ким,Хозуки Генгетсу,Yandex,Uchiha Madara,Псих,Конс,sensey,Minato,Vidok,Плагиатор,Тень,Orochimaru,Zer0,Rosich,Kaneki Ken,ШикамарУ,Boop,sin108,Мизуки,YuRaN IV,РИДИК,Нет,Энферсхелл,Мини Итачи,Sailor Moon,Фан Юань,DeYsTrave,Повар Михалыч,Shisui,Инферно,Фудо,Челюсти,danilekk,Эйс,Azazel,Гаара,Хината,Ророноа Зоро,Социопат_мл,Kawaki,Uchiha Sasuke,Учиха Хидате,Ferrum,Свет,Juice,Lev,Нагато Пейн,Лукашенко,Kain,Пейн,Неизвестный,Дон Румата,Мя!,Nidza,xameleon,Hello Kitty,Локус,Hidden Pool,Последователь,Мелиодас!,Учиха Ишикава,HoloWise,Kakashi Hatake,Хошигаке Кисаме,Indra,Uchiha Obito,Хедин,Шинобик,Хадзиме Нагумо,Shinihado,Мэл,Tendo,Feb,partyzan,Саня,Kid,Dante,Itachi Uchiha,XopBaT,byHanzo,Ken Kaneki,Нумизм@тик,I legenda,TatNeft,Картман,Неведомая Хрень,Феникс,Zhuge,Химик,Гамахиро,Хичиго Широсаки,Шиноби,Дон,~KiLLeR~,OBERON,Mc Krabik,Lim HeoSoonDiGanju
20200316,5211,4055,3976,3903,3795,3623,3612,3577,3338,3068,2697,2696,2672,2470,2288,2228,2079,1789,1753,1521,1418,1417,1342,1315,1268,1243,1242,1114,1093,1027,995,882,705,682,665,640,609,587,573,557,519,394,370,355,300,199,191,179,153,147,147,144,143,138,126,113,98,92,83,59,58,53,51,50,45,44,43,42,40,39,38,36,35,33,33,32,32,31,30,29,29,28,27,22,18,17,16,14,13,11,11,7,7,7,5,4,4,3,3,3
date,Nika,Ли Сиун,Andara,Ким,Хозуки Генгетсу,Псих,Uchiha Madara,Yandex,Конс,sensey,Minato,Плагиатор,Vidok,Тень,Orochimaru,Zer0,Rosich,Kaneki Ken,ШикамарУ,Boop,Мизуки,sin108,YuRaN IV,РИДИК,Энферсхелл,Нет,Мини Итачи,Sailor Moon,Фан Юань,DeYsTrave,Повар Михалыч,Shisui,Челюсти,Инферно,Фудо,Эйс,Хината,danilekk,Azazel,Гаара,Ророноа Зоро,Социопат_мл,Kawaki,Uchiha Sasuke,Учиха Хидате,Ferrum,Свет,Juice,Lev,Нагато Пейн,Лукашенко,Kain,Пейн,Дон Румата,Неизвестный,Nidza,Мя!,xameleon,Hello Kitty,Kakashi Hatake,Локус,Hidden Pool,Последователь,Мелиодас!,Учиха Ишикава,HoloWise,Хошигаке Кисаме,Indra,Uchiha Obito,Хедин,Шинобик,Хадзиме Нагумо,Shinihado,Мэл,Tendo,Feb,partyzan,Саня,Kid,Itachi Uchiha,Dante,XopBaT,byHanzo,Ken Kaneki,Нумизм@тик,I legenda,TatNeft,Картман,Неведомая Хрень,Zhuge,Феникс,Химик,Гамахиро,Хичиго Широсаки,Шиноби,~KiLLeR~,Дон,Каталыч,Mc Krabik,OBERON
20200317,5350,4087,4079,3956,3885,3733,3717,3623,3384,3133,2793,2733,2696,2533,2384,2272,2115,1792,1759,1561,1486,1424,1342,1310,1282,1268,1242,1151,1109,1027,1018,944,801,741,682,677,651,640,610,573,539,394,370,355,300,199,198,179,153,147,147,144,143,143,138,133,113,92,83,71,59,58,53,51,50,45,43,42,40,39,38,36,35,33,33,32,32,31,30,29,29,28,27,22,18,17,16,14,13,11,11,7,7,7,5,4,4,3,3,3
date,Nika,Ли Сиун,Andara,Ким,Хозуки Генгетсу,Псих,Uchiha Madara,Yandex,Конс,sensey,Minato,Плагиатор,Vidok,Тень,Orochimaru,Zer0,Rosich,Kaneki Ken,ШикамарУ,Мизуки,Boop,sin108,YuRaN IV,РИДИК,Мини Итачи,Энферсхелл,Нет,Sailor Moon,Фан Юань,Повар Михалыч,DeYsTrave,Shisui,Челюсти,Инферно,Эйс,Фудо,Хината,danilekk,Azazel,Гаара,Ророноа Зоро,Социопат_мл,Kawaki,Uchiha Sasuke,Учиха Хидате,Ferrum,Свет,Juice,Nidza,Kakashi Hatake,Lev,Лукашенко,Дон Румата,Нагато Пейн,Kain,Пейн,Неизвестный,Мя!,xameleon,Hello Kitty,Локус,Hidden Pool,Последователь,Мелиодас!,Учиха Ишикава,HoloWise,Хошигаке Кисаме,Indra,Uchiha Obito,Хедин,Шинобик,Хадзиме Нагумо,Shinihado,Тоби,Tendo,Мэл,Feb,partyzan,Саня,Kid,Itachi Uchiha,Dante,XopBaT,byHanzo,Ken Kaneki,Нумизм@тик,I legenda,Тьма,TatNeft,Картман,Неведомая Хрень,Zhuge,Феникс,Гамахиро,Химик,Хичиго Широсаки,Шиноби,Дон,~KiLLeR~,Каталыч
20200318,5589,4181,4149,3997,3976,3919,3823,3623,3447,3184,2922,2792,2696,2577,2428,2318,2149,1792,1785,1598,1576,1429,1342,1310,1290,1290,1268,1180,1136,1033,1027,984,830,758,710,682,679,640,632,573,541,394,370,355,300,200,198,179,168,157,153,147,147,147,144,143,139,113,92,83,59,58,53,51,50,45,43,42,40,39,38,36,35,34,33,33,32,32,31,30,29,29,28,27,22,18,17,16,16,14,13,11,11,7,7,7,5,4,4,3
date,Nika,Andara,Ли Сиун,Псих,Хозуки Генгетсу,Ким,Uchiha Madara,Yandex,Конс,sensey,Minato,Плагиатор,Vidok,Тень,Orochimaru,Zer0,Rosich,ШикамарУ,Kaneki Ken,Мизуки,Boop,sin108,YuRaN IV,Мини Итачи,Энферсхелл,РИДИК,Нет,Sailor Moon,Фан Юань,Повар Михалыч,DeYsTrave,Shisui,Челюсти,Эйс,Инферно,Хината,Фудо,Azazel,danilekk,Ророноа Зоро,Гаара,Социопат_мл,Kawaki,Uchiha Sasuke,Учиха Хидате,Nidza,Ferrum,Свет,Kakashi Hatake,Juice,Lev,Лукашенко,Дон Румата,Нагато Пейн,Kain,Пейн,Неизвестный,Мя!,xameleon,Hello Kitty,Локус,Hidden Pool,Тоби,Последователь,Мелиодас!,Учиха Ишикава,Indra,HoloWise,Хошигаке Кисаме,Uchiha Obito,Хедин,Шинобик,Хадзиме Нагумо,Shinihado,Мэл,Tendo,Feb,partyzan,Райдон Такеши,Саня,Kid,Dante,Itachi Uchiha,XopBaT,byHanzo,Ken Kaneki,Нумизм@тик,I legenda,Тьма,TatNeft,Картман,Неведомая Хрень,Zhuge,Феникс,Гамахиро,Химик,Хичиго Широсаки,Шиноби,Дон,~KiLLeR~
20200319,5704,4261,4247,4214,4078,4070,3887,3623,3493,3251,3018,2850,2696,2638,2514,2389,2177,1850,1792,1643,1611,1429,1342,1314,1309,1305,1268,1221,1155,1047,1027,1007,857,796,789,763,682,648,640,581,573,394,370,355,300,216,202,198,191,179,153,147,147,147,144,143,139,113,92,83,59,58,54,53,51,50,46,45,43,40,39,38,36,35,33,33,32,32,31,31,30,29,29,28,27,22,18,17,16,16,14,13,11,11,7,7,7,5,4,4
date,Nika,Andara,Ли Сиун,Псих,Хозуки Генгетсу,Ким,Uchiha Madara,Yandex,Конс,sensey,Minato,Плагиатор,Vidok,Тень,Orochimaru,Zer0,Rosich,ШикамарУ,Kaneki Ken,Мизуки,Boop,sin108,YuRaN IV,Энферсхелл,Мини Итачи,РИДИК,Нет,Sailor Moon,Фан Юань,Повар Михалыч,Shisui,DeYsTrave,Эйс,Челюсти,Хината,Инферно,Azazel,Фудо,Ророноа Зоро,danilekk,Гаара,Социопат_мл,Kawaki,Uchiha Sasuke,Kakashi Hatake,Учиха Хидате,Nidza,Дон Румата,Ferrum,Свет,Juice,Lev,Нагато Пейн,Лукашенко,Kain,Пейн,Неизвестный,Мя!,xameleon,Hello Kitty,Мелиодас!,Локус,Hidden Pool,Тоби,Последователь,Учиха Ишикава,Indra,HoloWise,Хошигаке Кисаме,Uchiha Obito,Хедин,Шинобик,Хадзиме Нагумо,Shinihado,Tendo,Мэл,partyzan,Feb,Райдон Такеши,Саня,Kid,Dante,Itachi Uchiha,XopBaT,byHanzo,Ken Kaneki,Нумизм@тик,I legenda,Тьма,TatNeft,Картман,Неведомая Хрень,Феникс,Zhuge,Химик,Гамахиро,Хичиго Широсаки,Шиноби,Дон,~KiLLeR~
20200320,5727,4402,4366,4300,4168,4156,3999,3623,3555,3311,3175,2914,2696,2662,2578,2410,2201,1885,1792,1697,1650,1439,1342,1329,1319,1305,1268,1262,1174,1121,1053,1027,898,895,835,790,728,682,676,640,573,394,370,355,312,300,237,206,202,198,179,153,147,147,144,143,139,113,92,83,62,59,58,54,53,50,46,45,43,40,39,38,36,35,33,33,32,32,31,31,30,29,29,28,27,22,18,17,16,16,14,13,11,11,7,7,7,5,4,4
date,Nika,Andara,Псих,Ли Сиун,Хозуки Генгетсу,Ким,Uchiha Madara,Конс,Yandex,sensey,Minato,Плагиатор,Тень,Vidok,Orochimaru,Zer0,Rosich,ШикамарУ,Kaneki Ken,Мизуки,Boop,sin108,YuRaN IV,Энферсхелл,Мини Итачи,РИДИК,Нет,Sailor Moon,Фан Юань,Повар Михалыч,Shisui,DeYsTrave,Челюсти,Эйс,Хината,Инферно,Azazel,Фудо,Ророноа Зоро,danilekk,Гаара,Kakashi Hatake,Социопат_мл,Kawaki,Uchiha Sasuke,Учиха Хидате,Nidza,Свет,Дон Румата,Ferrum,Juice,Lev,Лукашенко,Нагато Пейн,Kain,Пейн,Неизвестный,Мя!,xameleon,Hello Kitty,Мелиодас!,Локус,Hidden Pool,Тоби,Последователь,Учиха Ишикава,Indra,HoloWise,Хошигаке Кисаме,Uchiha Obito,Хедин,Шинобик,Хадзиме Нагумо,Shinihado,Мэл,Tendo,partyzan,Feb,Райдон Такеши,Саня,Kid,Dante,Itachi Uchiha,XopBaT,byHanzo,Ken Kaneki,Нумизм@тик,I legenda,TatNeft,Тьма,Картман,Неведомая Хрень,Феникс,Zhuge,Хичиго Широсаки,Химик,Гамахиро,Шиноби,~KiLLeR~,Дон
20200321,5931,4573,4451,4430,4251,4248,4096,3632,3623,3365,3343,2966,2698,2696,2640,2482,2238,1923,1794,1728,1693,1453,1342,1340,1319,1293,1268,1267,1188,1175,1101,1027,961,943,929,791,774,682,676,640,573,410,394,370,355,300,287,261,231,203,179,153,147,147,144,143,139,113,92,83,63,59,58,54,53,50,46,45,43,40,39,38,36,35,33,33,32,32,31,31,30,29,29,28,27,22,18,17,16,16,14,13,11,11,7,7,7,5,4,4
date,Nika,Andara,Псих,Ли Сиун,Хозуки Генгетсу,Ким,Uchiha Madara,Конс,Yandex,Minato,sensey,Нубас,Тень,Vidok,Orochimaru,Zer0,Rosich,ШикамарУ,Мизуки,Kaneki Ken,Boop,sin108,Энферсхелл,YuRaN IV,Мини Итачи,Sailor Moon,РИДИК,Нет,Фан Юань,Повар Михалыч,Shisui,DeYsTrave,Эйс,Челюсти,Хината,Инферно,Azazel,Ророноа Зоро,Фудо,danilekk,Гаара,Kakashi Hatake,Социопат_мл,Kawaki,Uchiha Sasuke,Свет,Nidza,Учиха Хидате,Дон Румата,Ferrum,Juice,Lev,Лукашенко,Нагато Пейн,Kain,Пейн,Неизвестный,Мя!,xameleon,Hello Kitty,Мелиодас!,Локус,Hidden Pool,Тоби,Последователь,Учиха Ишикава,Indra,HoloWise,Хошигаке Кисаме,Uchiha Obito,Хедин,Шинобик,Хадзиме Нагумо,Shinihado,Мэл,Tendo,partyzan,Feb,Райдон Такеши,Саня,Kid,Dante,Itachi Uchiha,XopBaT,byHanzo,Ken Kaneki,Нумизм@тик,I legenda,TatNeft,Тьма,Картман,Неведомая Хрень,Zhuge,Феникс,Химик,Хичиго Широсаки,Гамахиро,Шиноби,~KiLLeR~,Дон
20200322,6099,4716,4598,4522,4357,4286,4199,3666,3623,3432,3427,2963,2759,2696,2696,2482,2290,2007,1814,1794,1768,1453,1439,1342,1319,1307,1293,1268,1228,1221,1101,1027,1015,993,944,834,823,683,682,640,605,521,394,370,355,325,307,300,279,203,179,153,147,147,144,143,139,113,92,83,64,59,58,54,53,50,46,45,43,40,39,38,36,35,33,33,32,32,31,31,30,29,29,28,27,22,18,17,16,16,14,13,11,11,7,7,7,5,4,4
date,Nika,Andara,Псих,Ли Сиун,Хозуки Генгетсу,Ким,Uchiha Madara,Конс,Yandex,Minato,sensey,Нубас,Тень,Orochimaru,Vidok,Zer0,Rosich,ШикамарУ,Мизуки,Kaneki Ken,Boop,Энферсхелл,sin108,Фан Юань,Мини Итачи,Sailor Moon,YuRaN IV,РИДИК,Нет,Повар Михалыч,Челюсти,Эйс,Shisui,DeYsTrave,Хината,Инферно,Azazel,Ророноа Зоро,Гаара,Фудо,danilekk,Kakashi Hatake,Социопат_мл,Kawaki,Uchiha Sasuke,Дон Румата,Свет,Nidza,Учиха Хидате,Ferrum,Juice,Lev,Лукашенко,Нагато Пейн,Kain,Пейн,Неизвестный,Мя!,xameleon,Hello Kitty,Мелиодас!,Локус,Hidden Pool,Тоби,Последователь,Учиха Ишикава,Indra,HoloWise,Хошигаке Кисаме,Uchiha Obito,Хедин,Шинобик,Бродяга,Хадзиме Нагумо,Shinihado,Мэл,Tendo,partyzan,Feb,Райдон Такеши,Саня,Kid,Itachi Uchiha,Dante,XopBaT,byHanzo,Ken Kaneki,Нумизм@тик,I legenda,Тьма,TatNeft,Картман,Неведомая Хрень,Феникс,Zhuge,Химик,Хичиго Широсаки,Гамахиро,Шиноби,Дон
20200323,6252,4872,4700,4583,4443,4360,4298,3797,3623,3504,3477,2996,2796,2756,2696,2525,2339,2083,1872,1835,1820,1471,1462,1381,1374,1352,1342,1293,1268,1230,1155,1113,1101,1027,995,859,841,763,728,682,640,579,394,370,355,352,340,307,300,204,179,153,147,147,144,143,139,113,92,83,76,59,58,54,53,50,46,45,43,40,39,38,37,36,35,33,33,32,32,31,31,30,29,29,28,27,22,18,17,16,16,14,13,11,11,7,7,7,5,4
date,Nika,Andara,Псих,Ли Сиун,Хозуки Генгетсу,Uchiha Madara,Ким,Конс,Yandex,Minato,sensey,Нубас,Тень,Orochimaru,Vidok,Zer0,Rosich,ШикамарУ,Мизуки,Boop,Kaneki Ken,Энферсхелл,sin108,Фан Юань,Мини Итачи,Sailor Moon,YuRaN IV,РИДИК,Нет,Челюсти,Повар Михалыч,Эйс,Shisui,Хината,DeYsTrave,Инферно,Azazel,Ророноа Зоро,Гаара,Фудо,Kakashi Hatake,danilekk,Социопат_мл,Дон Румата,Kawaki,Uchiha Sasuke,Свет,Nidza,Учиха Хидате,Ferrum,Juice,Lev,Нагато Пейн,Лукашенко,Kain,Пейн,Неизвестный,Мя!,xameleon,Hello Kitty,Мелиодас!,Локус,Hidden Pool,Тоби,Последователь,Учиха Ишикава,Indra,HoloWise,Хошигаке Кисаме,Uchiha Obito,Хедин,Шинобик,Бродяга,Хадзиме Нагумо,Shinihado,Мэл,Tendo,partyzan,Feb,Райдон Такеши,Саня,Kid,Itachi Uchiha,Dante,XopBaT,byHanzo,Ken Kaneki,Нумизм@тик,I legenda,Тьма,TatNeft,Картман,Неведомая Хрень,Zhuge,Саске,Феникс,Химик,Хичиго Широсаки,Гамахиро,Шиноби
20200324,6402,5000,4840,4665,4519,4391,4360,3918,3623,3577,3539,3027,2837,2826,2696,2539,2374,2108,1920,1887,1876,1508,1479,1424,1400,1356,1342,1293,1268,1252,1229,1157,1149,1044,1027,900,890,842,752,682,649,639,394,394,370,355,347,307,300,211,179,153,147,147,144,143,139,113,92,83,76,59,58,54,53,50,46,45,43,40,39,38,37,36,35,33,33,32,32,31,31,30,29,29,28,27,22,18,17,16,16,14,13,11,11,11,7,7,7,5
date,Nika,Andara,Псих,Ли Сиун,Хозуки Генгетсу,Uchiha Madara,Ким,Конс,Minato,Yandex,sensey,Нубас,Тень,Orochimaru,Vidok,Zer0,Rosich,ШикамарУ,Мизуки,Boop,Kaneki Ken,Энферсхелл,sin108,Фан Юань,Мини Итачи,Челюсти,Sailor Moon,YuRaN IV,РИДИК,Нет,Повар Михалыч,Эйс,Shisui,Хината,DeYsTrave,Azazel,Инферно,Ророноа Зоро,Гаара,Kakashi Hatake,Фудо,danilekk,Дон Румата,Социопат_мл,Kawaki,Nidza,Uchiha Sasuke,Свет,Учиха Хидате,Ferrum,Juice,Lev,Лукашенко,Нагато Пейн,Kain,Пейн,Неизвестный,Мя!,xameleon,Hello Kitty,Мелиодас!,Локус,Hidden Pool,Тоби,Последователь,Учиха Ишикава,Indra,HoloWise,Хошигаке Кисаме,Uchiha Obito,Хедин,Шинобик,Бродяга,Хадзиме Нагумо,Shinihado,Tendo,Мэл,Feb,partyzan,Райдон Такеши,Саня,Kid,Dante,Itachi Uchiha,XopBaT,byHanzo,Ken Kaneki,Нумизм@тик,I legenda,TatNeft,Тьма,Картман,Неведомая Хрень,Феникс,Zhuge,Саске,Химик,Гамахиро,Хичиго Широсаки,Шиноби
20200325,6471,5118,4969,4815,4598,4469,4360,3945,3697,3623,3594,3081,2879,2828,2696,2584,2449,2180,1966,1959,1901,1517,1495,1457,1444,1383,1362,1342,1279,1268,1258,1209,1156,1078,1027,997,925,842,761,715,682,639,425,394,370,370,355,349,300,211,179,153,147,147,144,143,139,113,92,83,76,59,58,54,53,50,46,45,43,40,39,38,37,36,35,33,33,32,32,31,31,30,29,29,28,27,22,18,17,16,16,14,13,11,11,11,7,7,7,5
date,Nika,Andara,Псих,Ли Сиун,Хозуки Генгетсу,Uchiha Madara,Ким,Конс,Minato,sensey,Yandex,Нубас,Тень,Orochimaru,Vidok,Zer0,Rosich,ШикамарУ,Мизуки,Boop,Kaneki Ken,Энферсхелл,sin108,Фан Юань,Мини Итачи,Челюсти,Повар Михалыч,Sailor Moon,YuRaN IV,РИДИК,Эйс,Нет,Shisui,Хината,DeYsTrave,Azazel,Инферно,Ророноа Зоро,Kakashi Hatake,Гаара,Фудо,danilekk,Дон Румата,Социопат_мл,Nidza,Kawaki,Uchiha Sasuke,Свет,Ferrum,Учиха Хидате,Juice,Lev,Нагато Пейн,Лукашенко,Kain,Пейн,Неизвестный,Мя!,xameleon,Hello Kitty,Мелиодас!,Локус,Hidden Pool,Тоби,Последователь,Учиха Ишикава,Indra,HoloWise,Хошигаке Кисаме,Uchiha Obito,Хедин,Шинобик,Бродяга,Хадзиме Нагумо,Shinihado,Tendo,Мэл,partyzan,Feb,Райдон Такеши,Саня,Kid,Dante,Itachi Uchiha,XopBaT,byHanzo,Ken Kaneki,Нумизм@тик,I legenda,Тьма,TatNeft,Картман,Неведомая Хрень,Zhuge,Феникс,Саске,Химик,Гамахиро,Хичиго Широсаки,Шиноби
20200326,6597,5222,5015,4884,4675,4589,4360,4057,3894,3696,3623,3122,2922,2880,2696,2629,2506,2194,2039,2004,1936,1526,1503,1486,1456,1387,1379,1362,1342,1305,1277,1268,1215,1115,1027,1024,934,842,782,780,682,639,485,394,370,370,355,355,337,297,179,153,147,147,144,143,139,113,92,83,76,59,58,54,53,50,46,45,43,40,39,38,37,36,35,33,33,32,32,31,31,30,29,29,28,27,22,18,17,16,16,14,13,11,11,11,7,7,7,5
date,Nika,Andara,Псих,Ли Сиун,Хозуки Генгетсу,Uchiha Madara,Ким,Конс,Minato,sensey,Yandex,Нубас,Тень,Orochimaru,Zer0,Vidok,Rosich,ШикамарУ,Мизуки,Boop,Kaneki Ken,Энферсхелл,Мини Итачи,Фан Юань,sin108,Повар Михалыч,Sailor Moon,Челюсти,YuRaN IV,РИДИК,Эйс,Нет,Shisui,Хината,Azazel,DeYsTrave,Инферно,Ророноа Зоро,Kakashi Hatake,Гаара,Фудо,danilekk,Дон Румата,Социопат_мл,Kawaki,Nidza,Свет,Uchiha Sasuke,Ferrum,Учиха Хидате,Juice,Lev,Лукашенко,Нагато Пейн,Kain,Пейн,Неизвестный,Мя!,xameleon,Hello Kitty,Мелиодас!,Локус,Hidden Pool,Тоби,Последователь,Учиха Ишикава,Indra,HoloWise,Хошигаке Кисаме,Uchiha Obito,Хедин,Шинобик,Бродяга,Хадзиме Нагумо,Рыжая Душа,Shinihado,Tendo,Мэл,partyzan,Feb,Райдон Такеши,Саня,Kid,Dante,Itachi Uchiha,XopBaT,byHanzo,Ken Kaneki,Нумизм@тик,Shade,I legenda,TatNeft,Тьма,Картман,Неведомая Хрень,Zhuge,Феникс,Саске,Malich,Гамахиро
20200327,6750,5435,5179,4972,4737,4700,4360,4121,4021,3745,3623,3153,2947,2901,2712,2696,2568,2275,2161,2078,1937,1543,1529,1522,1512,1438,1402,1387,1342,1341,1321,1268,1228,1156,1062,1027,952,865,849,805,682,639,574,394,370,370,357,355,337,297,179,153,147,147,144,143,139,113,92,83,76,59,58,54,53,50,46,45,43,40,39,38,37,36,35,35,33,33,32,32,31,31,30,29,29,28,27,22,18,17,17,16,16,14,13,11,11,11,8,7
date,Nika,Andara,Псих,Ли Сиун,Хозуки Генгетсу,Uchiha Madara,Ким,Конс,Minato,sensey,Yandex,Нубас,Тень,Orochimaru,Zer0,Vidok,Rosich,ШикамарУ,Мизуки,Boop,Kaneki Ken,Мини Итачи,Фан Юань,Энферсхелл,sin108,Челюсти,Повар Михалыч,Sailor Moon,РИДИК,Эйс,YuRaN IV,Shisui,Нет,Хината,Azazel,DeYsTrave,Инферно,Ророноа Зоро,Kakashi Hatake,Гаара,Фудо,Дон Румата,danilekk,Ferrum,Социопат_мл,Kawaki,Nidza,Свет,Uchiha Sasuke,Учиха Хидате,Juice,Lev,Лукашенко,Нагато Пейн,Kain,Пейн,Неизвестный,Мя!,xameleon,Hello Kitty,Мелиодас!,Локус,Hidden Pool,Тоби,Последователь,Учиха Ишикава,Indra,HoloWise,Хошигаке Кисаме,Uchiha Obito,Хедин,Шинобик,Бродяга,Хадзиме Нагумо,Рыжая Душа,Shinihado,Tendo,Мэл,partyzan,Feb,Райдон Такеши,Саня,Kid,Dante,Itachi Uchiha,XopBaT,byHanzo,Ken Kaneki,Нумизм@тик,Shade,I legenda,TatNeft,Тьма,Картман,Неведомая Хрень,Malich,Zhuge,Феникс,Саске,Гамахиро
20200328,6805,5621,5321,5036,4813,4724,4360,4210,4103,3799,3623,3162,2994,2908,2761,2696,2619,2318,2212,2185,1937,1567,1553,1543,1521,1519,1487,1423,1376,1357,1342,1279,1268,1194,1085,1027,962,886,877,814,682,666,639,454,394,370,370,357,355,297,179,153,147,147,144,143,139,113,92,83,76,59,58,54,53,50,46,45,43,40,39,38,37,36,35,35,33,33,32,32,31,31,30,29,29,28,27,22,18,17,17,16,16,14,13,13,11,11,11,7
date,Nika,Andara,Псих,Ли Сиун,Хозуки Генгетсу,Uchiha Madara,Ким,Конс,Minato,sensey,Yandex,Нубас,Тень,Orochimaru,Zer0,Vidok,Rosich,ШикамарУ,Мизуки,Boop,Kaneki Ken,Челюсти,Мини Итачи,Фан Юань,Энферсхелл,sin108,Повар Михалыч,Sailor Moon,РИДИК,Эйс,YuRaN IV,Shisui,Нет,Хината,Azazel,DeYsTrave,Инферно,Ророноа Зоро,Kakashi Hatake,Гаара,Дон Румата,Фудо,danilekk,Ferrum,Социопат_мл,Kawaki,Nidza,Свет,Uchiha Sasuke,Учиха Хидате,Лукашенко,Juice,Lev,Нагато Пейн,Kain,Пейн,Неизвестный,Мя!,xameleon,Hello Kitty,Мелиодас!,Локус,Hidden Pool,Тоби,Последователь,Учиха Ишикава,Malich,Indra,HoloWise,Хошигаке Кисаме,Uchiha Obito,Хедин,Шинобик,Бродяга,Хадзиме Нагумо,Рыжая Душа,Shinihado,Мэл,Tendo,Feb,partyzan,Райдон Такеши,Саня,Kid,Dante,Itachi Uchiha,XopBaT,byHanzo,Ken Kaneki,Нумизм@тик,I legenda,Shade,TatNeft,Тьма,Картман,Неведомая Хрень,Саске,Zhuge,Феникс,Гамахиро
20200329,6805,5766,5397,5199,4852,4808,4360,4321,4167,3866,3623,3194,3034,2915,2807,2696,2676,2366,2259,2221,1937,1609,1605,1601,1543,1531,1499,1461,1413,1409,1342,1305,1268,1238,1169,1027,968,886,879,814,720,682,639,454,394,370,370,357,355,297,233,179,153,147,144,143,139,113,92,83,76,59,58,54,53,50,46,46,45,43,40,39,38,37,36,35,35,33,33,32,32,31,31,30,29,29,28,27,22,18,17,17,16,16,14,13,11,11,11,7
date,Nika,Andara,Псих,Ли Сиун,Хозуки Генгетсу,Uchiha Madara,Конс,Ким,Minato,sensey,Yandex,Нубас,Тень,Orochimaru,Zer0,Rosich,Vidok,ШикамарУ,Мизуки,Boop,Kaneki Ken,Челюсти,Мини Итачи,Фан Юань,Повар Михалыч,Энферсхелл,sin108,Sailor Moon,Эйс,РИДИК,YuRaN IV,Shisui,Хината,Нет,Azazel,DeYsTrave,Инферно,Kakashi Hatake,Ророноа Зоро,Гаара,Дон Румата,Фудо,danilekk,Ferrum,Социопат_мл,Свет,Nidza,Kawaki,Uchiha Sasuke,Учиха Хидате,Лукашенко,Juice,Lev,Нагато Пейн,Kain,Пейн,Неизвестный,Мя!,xameleon,Hello Kitty,Мелиодас!,Локус,Hidden Pool,Тоби,Последователь,Учиха Ишикава,Indra,Malich,HoloWise,Хошигаке Кисаме,Uchiha Obito,Хедин,Шинобик,Бродяга,Хадзиме Нагумо,Рыжая Душа,Shinihado,Мэл,Tendo,Feb,partyzan,Саня,Райдон Такеши,Kid,Dante,Itachi Uchiha,XopBaT,byHanzo,Ken Kaneki,Нумизм@тик,Shade,I legenda,Тьма,TatNeft,Картман,Неведомая Хрень,Саске,Zhuge,Феникс,Хичиго Широсаки
20200330,6997,5901,5477,5205,4926,4902,4437,4360,4342,3913,3623,3249,3060,2915,2849,2726,2696,2587,2309,2271,1942,1688,1647,1635,1562,1549,1538,1488,1457,1448,1342,1310,1280,1268,1221,1027,977,952,886,814,781,682,639,455,394,378,370,370,355,297,246,179,153,147,144,143,139,113,92,83,76,59,58,54,53,50,46,46,45,43,40,39,38,37,36,35,35,33,33,32,32,31,31,30,29,29,28,27,22,18,17,17,16,16,14,13,11,11,11,7
date,Nika,Andara,Псих,Ли Сиун,Uchiha Madara,Хозуки Генгетсу,Конс,Ким,Minato,sensey,Yandex,Нубас,Тень,Orochimaru,Zer0,Rosich,Vidok,ШикамарУ,Мизуки,Boop,Kaneki Ken,Челюсти,Фан Юань,Мини Итачи,Повар Михалыч,Энферсхелл,sin108,Sailor Moon,Эйс,РИДИК,Хината,YuRaN IV,Shisui,Azazel,Нет,Kakashi Hatake,DeYsTrave,Инферно,Ророноа Зоро,Дон Румата,Гаара,Фудо,danilekk,Ferrum,Свет,Социопат_мл,Nidza,Kawaki,Uchiha Sasuke,Учиха Хидате,Лукашенко,Juice,Lev,Нагато Пейн,Kain,Пейн,Неизвестный,Мя!,xameleon,Hello Kitty,Мелиодас!,Локус,Hidden Pool,Тоби,Последователь,Учиха Ишикава,Indra,Malich,HoloWise,Хошигаке Кисаме,Uchiha Obito,Хедин,Шинобик,Бродяга,Хадзиме Нагумо,Рыжая Душа,Shinihado,Мэл,Tendo,Feb,partyzan,Саня,Райдон Такеши,Kid,Dante,Itachi Uchiha,XopBaT,byHanzo,Uchiha Itachi,Ken Kaneki,Нумизм@тик,Shade,I legenda,TatNeft,Тьма,Картман,Uchiha Indra,Неведомая Хрень,Zhuge,Феникс
20200331,7136,6028,5590,5282,4988,4986,4515,4360,4347,3966,3623,3298,3106,2915,2881,2766,2696,2627,2368,2314,1947,1746,1654,1647,1602,1550,1543,1538,1502,1484,1358,1342,1339,1288,1268,1028,1027,990,901,833,814,694,639,470,452,394,370,370,355,297,276,179,153,147,146,143,139,113,92,83,76,59,58,54,53,50,46,46,45,43,40,39,38,37,36,35,35,33,33,32,32,31,31,30,29,29,28,27,23,22,18,17,17,16,16,14,14,13,11,11
date,Nika,Andara,Псих,Ли Сиун,Хозуки Генгетсу,Uchiha Madara,Конс,Minato,Ким,sensey,Yandex,Нубас,Тень,Zer0,Orochimaru,Rosich,Vidok,ШикамарУ,Мизуки,Boop,Natsu DragniL,Челюсти,Фан Юань,Мини Итачи,Повар Михалыч,Sailor Moon,Эйс,sin108,Энферсхелл,РИДИК,Хината,Shisui,YuRaN IV,Azazel,Нет,Kakashi Hatake,DeYsTrave,Инферно,Ророноа Зоро,Дон Румата,Гаара,Фудо,danilekk,Свет,Ferrum,Социопат_мл,Nidza,Kawaki,Uchiha Sasuke,Учиха Хидате,Лукашенко,Juice,Lev,Нагато Пейн,Kain,Пейн,Неизвестный,Мя!,xameleon,Hello Kitty,Мелиодас!,Локус,Hidden Pool,Тоби,Последователь,Учиха Ишикава,Indra,Malich,HoloWise,Хошигаке Кисаме,Uchiha Obito,Хедин,Шинобик,Бродяга,Хадзиме Нагумо,Рыжая Душа,Shinihado,Kaneki Ken,Мэл,Tendo,partyzan,Feb,Саня,Райдон Такеши,Kid,Uchiha Indra,Itachi Uchiha,Dante,zerolayer,XopBaT,byHanzo,Uchiha Itachi,Нумизм@тик,Shade,I legenda,Тьма,TatNeft,Картман,Неведомая Хрень,Zhuge
20200401,7249,6142,5688,5321,5087,5059,4584,4510,4360,4052,3623,3356,3139,2940,2915,2842,2696,2689,2425,2345,1969,1787,1692,1649,1639,1567,1554,1552,1551,1519,1378,1372,1342,1329,1268,1196,1027,998,946,904,814,703,639,477,472,394,370,370,355,297,282,179,153,147,146,143,139,113,92,83,76,59,58,54,53,50,46,46,45,43,40,39,38,37,36,35,35,33,33,33,32,32,31,31,30,29,29,29,28,28,27,23,18,17,17,16,16,14,13,11
date,Nika,Andara,Псих,Ли Сиун,Хозуки Генгетсу,Uchiha Madara,Конс,Minato,Ким,sensey,Yandex,Нубас,Тень,Zer0,Orochimaru,Rosich,ШикамарУ,Vidok,Мизуки,Boop,Natsu DragniL,Челюсти,Фан Юань,Повар Михалыч,Мини Итачи,Эйс,Sailor Moon,Энферсхелл,sin108,РИДИК,Shisui,Хината,YuRaN IV,Azazel,Нет,Kakashi Hatake,DeYsTrave,Инферно,Дон Румата,Ророноа Зоро,Гаара,Фудо,danilekk,Свет,Ferrum,Социопат_мл,Nidza,Kawaki,Uchiha Sasuke,Учиха Хидате,Лукашенко,Juice,Lev,Нагато Пейн,Kain,Пейн,Неизвестный,Мя!,xameleon,Hello Kitty,Мелиодас!,Локус,Hidden Pool,Тоби,Последователь,Учиха Ишикава,Indra,Malich,HoloWise,Хошигаке Кисаме,Uchiha Obito,Хедин,Шинобик,Бродяга,Хадзиме Нагумо,Kaneki Ken,Рыжая Душа,Shinihado,Мэл,Tendo,partyzan,Feb,Саня,Райдон Такеши,Kid,Uchiha Indra,Itachi Uchiha,Dante,zerolayer,XopBaT,byHanzo,Uchiha Itachi,Нумизм@тик,Shade,I legenda,Тьма,TatNeft,Картман,Неведомая Хрень,Zhuge
20200402,7336,6259,5851,5369,5174,5134,4644,4582,4360,4106,3623,3430,3183,2994,2915,2904,2737,2696,2552,2411,1980,1854,1736,1707,1682,1621,1615,1579,1561,1555,1393,1378,1342,1332,1268,1239,1027,1010,1003,968,814,703,639,477,476,396,370,370,355,297,282,179,153,147,146,143,139,113,92,83,76,59,58,54,53,50,46,46,45,43,40,39,38,37,36,36,35,35,33,33,32,32,31,31,30,29,29,29,28,28,27,23,18,17,17,16,16,14,13,11
